{"stats":{"minecraft:used":{"alexsmobs:animal_dictionary":1},"minecraft:mined":{"minecraft:grass":22,"minecraft:oak_log":8,"byg:short_grass":2,"byg:cattail":3},"minecraft:custom":{"minecraft:time_since_rest":6636,"minecraft:waystone_activated":1,"minecraft:crouch_one_cm":26,"minecraft:play_one_minute":6636,"minecraft:sprint_one_cm":15763,"minecraft:walk_one_cm":6252,"minecraft:sneak_time":4,"minecraft:drop":3,"minecraft:jump":150,"minecraft:time_since_death":6636,"minecraft:walk_on_water_one_cm":209,"minecraft:fall_one_cm":5608,"minecraft:fly_one_cm":39620},"minecraft:dropped":{"byg:cattail":3,"alexsmobs:animal_dictionary":1,"minecraft:egg":1},"minecraft:crafted":{"minecraft:oak_planks":32,"minecraft:crafting_table":1},"minecraft:picked_up":{"minecraft:wheat_seeds":2,"minecraft:oak_log":8,"byg:cattail":3,"minecraft:egg":2}},"DataVersion":2586}