{"stats":{"minecraft:used":{"minecraft:wooden_axe":30,"minecraft:stone_pickaxe":273,"minecraft:wooden_pickaxe":15,"minecraft:cooked_salmon":2,"minecraft:stone_axe":25,"minecraft:torch":10,"minecraft:dirt":1,"minecraft:cobblestone":139,"minecraft:crafting_table":3,"minecraft:furnace":2,"alexsmobs:animal_dictionary":1},"minecraft:mined":{"byg:soapstone":1,"byg:scoria_stone":16,"minecraft:furnace":1,"minecraft:iron_ore":4,"byg:short_grass":2,"byg:cattail":3,"minecraft:crafting_table":2,"minecraft:grass":32,"minecraft:grass_block":5,"minecraft:oak_log":28,"minecraft:coal_ore":25,"quark:stone_speleothem":3,"minecraft:gravel":2,"minecraft:dirt":5,"minecraft:cobblestone":6,"minecraft:stone":227,"quark:root":1,"minecraft:wall_torch":2},"minecraft:killed":{"minecraft:salmon":25},"minecraft:custom":{"minecraft:time_since_rest":29198,"minecraft:waystone_activated":1,"minecraft:interact_with_furnace":11,"minecraft:sprint_one_cm":66913,"minecraft:walk_one_cm":39919,"minecraft:mob_kills":25,"minecraft:drop":3,"minecraft:damage_dealt":760,"minecraft:swim_one_cm":21079,"minecraft:interact_with_crafting_table":8,"minecraft:fly_one_cm":86257,"minecraft:play_one_minute":29198,"minecraft:crouch_one_cm":11122,"minecraft:sneak_time":3502,"minecraft:walk_under_water_one_cm":11018,"minecraft:jump":528,"minecraft:leave_game":2,"minecraft:time_since_death":29198,"minecraft:walk_on_water_one_cm":9341,"minecraft:fall_one_cm":12505},"minecraft:dropped":{"byg:cattail":3,"alexsmobs:animal_dictionary":1,"minecraft:egg":1},"minecraft:crafted":{"minecraft:oak_planks":112,"minecraft:crafting_table":1,"minecraft:iron_ingot":2,"minecraft:stick":32,"minecraft:wooden_pickaxe":1,"minecraft:stone_pickaxe":5,"minecraft:wooden_axe":1,"minecraft:furnace":1,"minecraft:cooked_salmon":20,"minecraft:torch":56,"minecraft:stone_axe":1,"minecraft:air":0},"minecraft:broken":{"minecraft:stone_pickaxe":2,"minecraft:wooden_axe":1},"minecraft:picked_up":{"byg:soapstone":1,"minecraft:crafting_table":2,"minecraft:salmon":20,"minecraft:torch":2,"minecraft:gravel":2,"minecraft:oak_log":28,"byg:cattail":6,"minecraft:dirt":10,"alexsmobs:animal_dictionary":1,"byg:scoria_cobblestone":16,"minecraft:wheat_seeds":4,"minecraft:iron_ore":4,"minecraft:bone_meal":2,"minecraft:coal":24,"minecraft:furnace":1,"minecraft:cobblestone":211,"minecraft:egg":3}},"DataVersion":2586}