{"stats":{"minecraft:used":{"minecraft:wooden_axe":30,"minecraft:stone_pickaxe":238,"minecraft:wooden_pickaxe":15,"minecraft:cooked_salmon":2,"minecraft:stone_axe":25,"minecraft:torch":9,"minecraft:dirt":1,"minecraft:cobblestone":52,"minecraft:crafting_table":3,"minecraft:furnace":1,"alexsmobs:animal_dictionary":1},"minecraft:mined":{"byg:scoria_stone":16,"minecraft:furnace":1,"byg:short_grass":2,"byg:cattail":3,"minecraft:crafting_table":2,"minecraft:grass":32,"minecraft:grass_block":4,"minecraft:oak_log":28,"minecraft:coal_ore":23,"quark:stone_speleothem":1,"minecraft:gravel":2,"minecraft:dirt":5,"minecraft:cobblestone":1,"minecraft:stone":207,"quark:root":1,"minecraft:wall_torch":1},"minecraft:killed":{"minecraft:salmon":25},"minecraft:custom":{"minecraft:time_since_rest":24451,"minecraft:waystone_activated":1,"minecraft:interact_with_furnace":9,"minecraft:sprint_one_cm":50082,"minecraft:walk_one_cm":33276,"minecraft:mob_kills":25,"minecraft:drop":3,"minecraft:damage_dealt":760,"minecraft:swim_one_cm":21079,"minecraft:interact_with_crafting_table":7,"minecraft:fly_one_cm":75912,"minecraft:play_one_minute":24451,"minecraft:crouch_one_cm":5629,"minecraft:sneak_time":1666,"minecraft:walk_under_water_one_cm":11018,"minecraft:jump":418,"minecraft:leave_game":2,"minecraft:time_since_death":24451,"minecraft:walk_on_water_one_cm":9341,"minecraft:fall_one_cm":11878},"minecraft:dropped":{"byg:cattail":3,"alexsmobs:animal_dictionary":1,"minecraft:egg":1},"minecraft:broken":{"minecraft:wooden_axe":1},"minecraft:crafted":{"minecraft:oak_planks":112,"minecraft:crafting_table":1,"minecraft:stick":32,"minecraft:wooden_pickaxe":1,"minecraft:stone_pickaxe":5,"minecraft:wooden_axe":1,"minecraft:furnace":1,"minecraft:cooked_salmon":20,"minecraft:torch":56,"minecraft:stone_axe":1,"minecraft:air":0},"minecraft:picked_up":{"minecraft:crafting_table":2,"minecraft:salmon":20,"minecraft:torch":1,"minecraft:gravel":2,"minecraft:oak_log":28,"byg:cattail":6,"minecraft:dirt":9,"alexsmobs:animal_dictionary":1,"byg:scoria_cobblestone":16,"minecraft:wheat_seeds":4,"minecraft:bone_meal":2,"minecraft:coal":22,"minecraft:furnace":1,"minecraft:cobblestone":190,"minecraft:egg":3}},"DataVersion":2586}