{"stats":{"minecraft:used":{"minecraft:wooden_axe":30,"minecraft:stone_pickaxe":274,"minecraft:oak_planks":27,"minecraft:wooden_pickaxe":15,"minecraft:cooked_salmon":2,"minecraft:stone_axe":25,"minecraft:torch":10,"minecraft:dirt":1,"minecraft:cobblestone":179,"minecraft:crafting_table":3,"minecraft:furnace":2,"alexsmobs:animal_dictionary":1},"minecraft:killed":{"minecraft:salmon":25},"minecraft:mined":{"byg:soapstone":1,"byg:scoria_stone":16,"minecraft:furnace":1,"minecraft:iron_ore":4,"byg:short_grass":2,"byg:cattail":3,"minecraft:crafting_table":2,"minecraft:grass":32,"minecraft:grass_block":5,"minecraft:oak_log":28,"minecraft:coal_ore":25,"quark:stone_speleothem":3,"minecraft:gravel":2,"minecraft:dirt":5,"minecraft:spruce_leaves":3,"byg:pine_leaves":2,"minecraft:cobblestone":7,"minecraft:stone":227,"minecraft:wall_torch":2,"quark:root":1},"minecraft:dropped":{"byg:cattail":3,"alexsmobs:animal_dictionary":1,"minecraft:egg":1},"minecraft:crafted":{"minecraft:oak_planks":112,"minecraft:crafting_table":1,"minecraft:stick":32,"minecraft:wooden_pickaxe":1,"minecraft:iron_ingot":2,"minecraft:stone_pickaxe":5,"minecraft:wooden_axe":1,"minecraft:furnace":1,"minecraft:cooked_salmon":20,"minecraft:torch":56,"minecraft:stone_axe":1,"minecraft:air":0},"minecraft:picked_up":{"minecraft:crafting_table":2,"byg:soapstone":1,"minecraft:salmon":20,"minecraft:torch":2,"minecraft:gravel":2,"minecraft:oak_log":28,"byg:cattail":6,"minecraft:dirt":10,"alexsmobs:animal_dictionary":1,"byg:scoria_cobblestone":16,"minecraft:wheat_seeds":4,"minecraft:bone_meal":2,"minecraft:iron_ore":4,"minecraft:cobblestone":212,"minecraft:coal":24,"minecraft:furnace":1,"minecraft:egg":3},"minecraft:custom":{"minecraft:time_since_rest":34987,"minecraft:waystone_activated":1,"minecraft:interact_with_furnace":11,"minecraft:sprint_one_cm":81526,"minecraft:walk_one_cm":47829,"minecraft:mob_kills":25,"minecraft:drop":3,"minecraft:damage_dealt":760,"minecraft:swim_one_cm":23306,"minecraft:interact_with_crafting_table":8,"minecraft:fly_one_cm":110678,"minecraft:play_one_minute":34987,"minecraft:crouch_one_cm":11150,"minecraft:sneak_time":3507,"minecraft:walk_under_water_one_cm":11058,"minecraft:jump":752,"minecraft:leave_game":2,"minecraft:time_since_death":34987,"minecraft:walk_on_water_one_cm":9779,"minecraft:fall_one_cm":15402},"minecraft:broken":{"minecraft:stone_pickaxe":2,"minecraft:wooden_axe":1}},"DataVersion":2586}