{"stats":{"minecraft:mined":{"quark:red_stool":2,"minecraft:cobblestone_stairs":1,"byg:cattail":3,"minecraft:grass_block":7,"minecraft:spruce_leaves":16,"minecraft:spawner":2,"gobber2:gobber2_ore":2,"minecraft:furnace":1,"minecraft:iron_ore":7,"minecraft:barrel":1,"minecraft:pumpkin":1,"minecraft:iron_bars":2,"minecraft:stone":341,"byg:dacite":16,"byg:orange_oak_leaves":2,"minecraft:red_bed":3,"minecraft:clay":1,"minecraft:crafting_table":4,"quark:stone_speleothem":3,"minecraft:chest":1,"minecraft:cobblestone":42,"byg:overgrown_dacite":3,"byg:pine_leaves":2,"minecraft:lapis_ore":2,"minecraft:sugar_cane":1,"minecraft:oak_planks":2,"minecraft:wall_torch":7,"minecraft:seagrass":1,"byg:soapstone":1,"byg:scoria_stone":18,"byg:short_grass":2,"minecraft:tnt":1,"minecraft:grass":36,"minecraft:oak_log":37,"minecraft:coal_ore":37,"minecraft:gravel":9,"minecraft:dirt":8,"minecraft:cobweb":4,"quark:root":1},"minecraft:killed_by":{"minecraft:creeper":1,"mowziesmobs:ferrous_wroughtnaut":1,"enderlinginvaders:watchling":1,"enderlinginvaders:necrosent":1},"minecraft:custom":{"minecraft:mob_kills":71,"minecraft:interact_with_crafting_table":28,"minecraft:open_barrel":20,"minecraft:leave_game":5,"minecraft:time_since_death":41950,"minecraft:climb_one_cm":2520,"minecraft:damage_resisted":94,"minecraft:sprint_one_cm":447305,"minecraft:walk_one_cm":390701,"minecraft:damage_blocked_by_shield":520,"minecraft:drop":33,"minecraft:talked_to_villager":5,"minecraft:deaths":4,"minecraft:sneak_time":5152,"minecraft:walk_under_water_one_cm":23662,"minecraft:boat_one_cm":6323,"minecraft:jump":2849,"minecraft:walk_on_water_one_cm":28999,"minecraft:interact_with_furnace":26,"tombstone:raider_killed":13,"minecraft:play_one_minute":139012,"minecraft:sleep_in_bed":2,"minecraft:time_since_rest":12159,"minecraft:waystone_activated":1,"minecraft:damage_taken":4323,"minecraft:damage_absorbed":1297,"minecraft:damage_dealt":12076,"minecraft:swim_one_cm":38463,"minecraft:fly_one_cm":477773,"minecraft:open_chest":23,"minecraft:crouch_one_cm":16669,"tombstone:undead_killed":33,"minecraft:fall_one_cm":46675},"minecraft:dropped":{"minecraft:wheat_seeds":5,"minecraft:glass_bottle":10,"minecraft:iron_helmet":1,"minecraft:coal":1,"byg:cattail":3,"minecraft:dirt":2,"tombstone:bag_of_seeds":3,"byg:soapstone":1,"minecraft:melon_slice":8,"tombstone:grave_dust":2,"minecraft:iron_leggings":1,"minecraft:bone_meal":2,"minecraft:sugar":1,"minecraft:sugar_cane":1,"minecraft:stone_sword":1,"alexsmobs:animal_dictionary":1,"minecraft:wither_skeleton_skull":1,"minecraft:glowstone_dust":27,"minecraft:poppy":3,"alexsmobs:cockroach_wing_fragment":1,"minecraft:iron_chestplate":1,"minecraft:arrow":12,"enderlinginvaders:watchling_eye":1,"minecraft:stone_pickaxe":3,"minecraft:egg":3},"minecraft:picked_up":{"minecraft:iron_chestplate":1,"minecraft:crafting_table":4,"byg:soapstone":1,"iceandfire:witherbone":3,"minecraft:potion":1,"minecraft:enchanted_book":2,"minecraft:string":4,"minecraft:red_bed":3,"endergetic:poise_boat":4,"minecraft:iron_leggings":2,"minecraft:armor_stand":1,"minecraft:netherite_sword":1,"minecraft:bucket":1,"minecraft:beef":3,"minecraft:oak_boat":4,"minecraft:poppy":3,"minecraft:iron_pickaxe":1,"minecraft:enchanted_golden_apple":1,"minecraft:melon_slice":18,"minecraft:sugar_cane":1,"minecraft:chest":1,"minecraft:furnace":1,"minecraft:egg":3,"minecraft:iron_boots":1,"minecraft:torch":11,"tombstone:grave_dust":2,"byg:cattail":6,"minecraft:arrow":40,"minecraft:stone_sword":1,"minecraft:rotten_flesh":32,"minecraft:gold_ingot":11,"minecraft:cobblestone":415,"minecraft:water_bucket":3,"minecraft:salmon":20,"minecraft:leather":1,"minecraft:red_mushroom":4,"minecraft:oak_log":37,"gobber2:gobber2_ore":2,"minecraft:cobblestone_stairs":1,"minecraft:gunpowder":2,"minecraft:wither_skeleton_skull":1,"byg:dacite_cobblestone":19,"mowziesmobs:wrought_axe":1,"minecraft:lapis_lazuli":16,"minecraft:dirt":12,"minecraft:bone":18,"byg:scoria_cobblestone":18,"minecraft:wheat_seeds":5,"alexsmobs:cockroach_wing_fragment":1,"minecraft:iron_ingot":5,"minecraft:stone_pickaxe":1,"minecraft:iron_ore":15,"tombstone:bag_of_seeds":3,"minecraft:glowstone_dust":54,"minecraft:glass_bottle":14,"minecraft:oak_planks":2,"minecraft:pumpkin":1,"minecraft:gravel":8,"quark:red_stool":2,"mowziesmobs:wrought_helmet":1,"minecraft:spruce_sapling":1,"minecraft:barrel":1,"alexsmobs:animal_dictionary":1,"minecraft:sugar":2,"enderlinginvaders:watchling_eye":3,"minecraft:diamond":2,"minecraft:iron_helmet":1,"minecraft:bone_meal":2,"minecraft:golden_apple":9,"minecraft:emerald":2,"minecraft:coal":44,"minecraft:ender_pearl":3},"minecraft:killed":{"minecraft:witch":2,"minecraft:vindicator":3,"minecraft:skeleton":7,"mowziesmobs:ferrous_wroughtnaut":1,"enderlinginvaders:watchling":1,"minecraft:husk":9,"minecraft:salmon":25,"minecraft:creeper":1,"minecraft:pillager":8,"minecraft:zombie":7,"enderlinginvaders:necrosent":1,"minecraft:stray":3,"minecraft:wither_skeleton":5,"minecraft:cow":1},"minecraft:broken":{"minecraft:stone_pickaxe":2,"minecraft:wooden_axe":1},"minecraft:crafted":{"minecraft:oak_planks":148,"minecraft:furnace":3,"gobber2:gobber2_glob":2,"minecraft:diamond_leggings":1,"minecraft:iron_boots":1,"tombstone:grave_key":1,"gobber2:gobber2_boots":1,"minecraft:stone_pickaxe":5,"minecraft:diamond_boots":1,"gobber2:gobber2_ingot":6,"minecraft:crafting_table":5,"minecraft:wooden_pickaxe":1,"minecraft:iron_helmet":1,"minecraft:cooked_salmon":20,"minecraft:bucket":1,"minecraft:stone_axe":1,"minecraft:air":0,"minecraft:oak_boat":1,"minecraft:diamond_pickaxe":1,"minecraft:shield":1,"minecraft:stick":36,"minecraft:iron_ingot":15,"minecraft:wooden_axe":1,"minecraft:torch":64,"minecraft:diamond_chestplate":1},"minecraft:used":{"minecraft:netherite_sword":102,"minecraft:armor_stand":1,"minecraft:shield":19,"minecraft:cooked_salmon":20,"minecraft:torch":56,"minecraft:dirt":1,"minecraft:wooden_axe":30,"minecraft:furnace":4,"endergetic:poise_boat":3,"minecraft:enchanted_golden_apple":1,"minecraft:water_bucket":26,"minecraft:baked_potato":2,"minecraft:stone_pickaxe":291,"minecraft:oak_planks":40,"minecraft:wooden_pickaxe":15,"minecraft:golden_apple":37,"minecraft:crafting_table":8,"minecraft:red_bed":2,"mowziesmobs:wrought_axe":122,"minecraft:diamond_pickaxe":75,"minecraft:bread":2,"minecraft:melon_slice":1,"minecraft:iron_pickaxe":119,"minecraft:spruce_sapling":1,"minecraft:stone_axe":29,"minecraft:cobblestone":316,"minecraft:potion":1,"minecraft:bucket":27,"minecraft:oak_boat":5,"alexsmobs:animal_dictionary":1,"minecraft:cobweb":4}},"DataVersion":2586}