{"stats":{"minecraft:used":{"minecraft:wooden_axe":30,"minecraft:stone_pickaxe":9,"minecraft:wooden_pickaxe":15,"minecraft:cooked_salmon":1,"minecraft:stone_axe":17,"minecraft:torch":1,"minecraft:crafting_table":2,"minecraft:furnace":1,"alexsmobs:animal_dictionary":1},"minecraft:mined":{"byg:short_grass":2,"byg:cattail":3,"minecraft:crafting_table":2,"minecraft:grass":32,"minecraft:grass_block":4,"minecraft:coal_ore":4,"minecraft:oak_log":20,"minecraft:gravel":2,"minecraft:dirt":5,"minecraft:stone":18},"minecraft:killed":{"minecraft:salmon":25},"minecraft:custom":{"minecraft:time_since_rest":13994,"minecraft:waystone_activated":1,"minecraft:interact_with_furnace":8,"minecraft:sprint_one_cm":30915,"minecraft:walk_one_cm":14741,"minecraft:mob_kills":25,"minecraft:drop":3,"minecraft:damage_dealt":760,"minecraft:interact_with_crafting_table":4,"minecraft:swim_one_cm":21079,"minecraft:fly_one_cm":71065,"minecraft:play_one_minute":13994,"minecraft:crouch_one_cm":26,"minecraft:sneak_time":5,"minecraft:walk_under_water_one_cm":11018,"minecraft:jump":301,"minecraft:leave_game":1,"minecraft:walk_on_water_one_cm":9341,"minecraft:time_since_death":13994,"minecraft:fall_one_cm":11042},"minecraft:dropped":{"byg:cattail":3,"alexsmobs:animal_dictionary":1,"minecraft:egg":1},"minecraft:crafted":{"minecraft:oak_planks":76,"minecraft:crafting_table":1,"minecraft:stone_pickaxe":1,"minecraft:stick":12,"minecraft:wooden_pickaxe":1,"minecraft:wooden_axe":1,"minecraft:furnace":1,"minecraft:cooked_salmon":18,"minecraft:torch":16,"minecraft:stone_axe":1,"minecraft:air":0},"minecraft:broken":{"minecraft:wooden_axe":1},"minecraft:picked_up":{"minecraft:crafting_table":2,"minecraft:salmon":20,"minecraft:gravel":2,"minecraft:oak_log":19,"alexsmobs:animal_dictionary":1,"byg:cattail":6,"minecraft:dirt":9,"minecraft:wheat_seeds":4,"minecraft:bone_meal":2,"minecraft:coal":4,"minecraft:cobblestone":18,"minecraft:egg":3}},"DataVersion":2586}