{"stats":{"minecraft:used":{"minecraft:netherite_sword":53,"minecraft:armor_stand":1,"minecraft:stone_pickaxe":291,"minecraft:oak_planks":40,"minecraft:shield":16,"minecraft:wooden_pickaxe":15,"minecraft:cooked_salmon":13,"minecraft:golden_apple":10,"minecraft:torch":31,"minecraft:dirt":1,"minecraft:red_bed":1,"minecraft:crafting_table":6,"minecraft:wooden_axe":30,"minecraft:melon_slice":1,"minecraft:iron_pickaxe":90,"minecraft:spruce_sapling":1,"minecraft:stone_axe":29,"minecraft:cobblestone":188,"minecraft:furnace":3,"alexsmobs:animal_dictionary":1},"minecraft:killed":{"minecraft:husk":2,"minecraft:salmon":25,"minecraft:skeleton":6,"minecraft:zombie":6,"minecraft:stray":1},"minecraft:mined":{"byg:dacite":16,"quark:red_stool":2,"minecraft:red_bed":1,"minecraft:cobblestone_stairs":1,"byg:cattail":3,"minecraft:crafting_table":3,"minecraft:grass_block":5,"minecraft:chest":1,"quark:stone_speleothem":3,"minecraft:cobblestone":25,"minecraft:spruce_leaves":6,"byg:overgrown_dacite":3,"byg:pine_leaves":2,"minecraft:wall_torch":4,"minecraft:spawner":1,"byg:soapstone":1,"byg:scoria_stone":16,"minecraft:furnace":1,"minecraft:iron_ore":4,"byg:short_grass":2,"minecraft:grass":33,"minecraft:oak_log":28,"minecraft:coal_ore":25,"minecraft:gravel":7,"minecraft:dirt":5,"minecraft:stone":289,"quark:root":1},"minecraft:dropped":{"alexsmobs:animal_dictionary":1,"minecraft:coal":1,"byg:cattail":3,"byg:soapstone":1,"minecraft:iron_chestplate":1,"minecraft:melon_slice":8,"minecraft:iron_leggings":1,"minecraft:bone_meal":2,"minecraft:stone_pickaxe":2,"minecraft:egg":3},"minecraft:killed_by":{"mowziesmobs:ferrous_wroughtnaut":1,"minecraft:creeper":1},"minecraft:crafted":{"minecraft:oak_planks":112,"minecraft:crafting_table":3,"minecraft:wooden_pickaxe":1,"minecraft:iron_helmet":1,"minecraft:furnace":2,"minecraft:cooked_salmon":20,"minecraft:bucket":1,"minecraft:stone_axe":1,"minecraft:air":0,"minecraft:diamond_leggings":1,"minecraft:iron_boots":1,"minecraft:shield":1,"tombstone:grave_key":1,"minecraft:stick":32,"minecraft:iron_ingot":15,"minecraft:stone_pickaxe":5,"minecraft:wooden_axe":1,"minecraft:diamond_boots":1,"minecraft:torch":56,"minecraft:diamond_chestplate":1},"minecraft:picked_up":{"minecraft:crafting_table":3,"minecraft:iron_chestplate":1,"byg:soapstone":1,"minecraft:salmon":20,"minecraft:potion":1,"minecraft:oak_log":28,"minecraft:cobblestone_stairs":1,"byg:dacite_cobblestone":19,"minecraft:red_bed":1,"minecraft:dirt":10,"minecraft:iron_leggings":2,"minecraft:armor_stand":1,"minecraft:bone":8,"byg:scoria_cobblestone":16,"minecraft:wheat_seeds":5,"alexsmobs:cockroach_wing_fragment":1,"minecraft:netherite_sword":1,"minecraft:bucket":1,"minecraft:iron_ingot":5,"minecraft:iron_ore":15,"minecraft:iron_pickaxe":1,"minecraft:enchanted_golden_apple":1,"minecraft:melon_slice":18,"minecraft:chest":1,"minecraft:egg":3,"minecraft:iron_boots":1,"minecraft:furnace":1,"minecraft:torch":4,"minecraft:gravel":6,"quark:red_stool":2,"minecraft:spruce_sapling":1,"tombstone:grave_dust":2,"byg:cattail":6,"alexsmobs:animal_dictionary":1,"minecraft:arrow":11,"minecraft:rotten_flesh":13,"minecraft:diamond":2,"minecraft:iron_helmet":1,"minecraft:bone_meal":2,"minecraft:golden_apple":9,"minecraft:gold_ingot":11,"minecraft:coal":25,"minecraft:cobblestone":288,"minecraft:ender_pearl":3},"minecraft:custom":{"minecraft:interact_with_furnace":19,"minecraft:mob_kills":43,"minecraft:interact_with_crafting_table":17,"minecraft:play_one_minute":70867,"minecraft:leave_game":3,"minecraft:time_since_death":7555,"minecraft:climb_one_cm":372,"minecraft:time_since_rest":7286,"minecraft:waystone_activated":1,"minecraft:damage_absorbed":243,"minecraft:sprint_one_cm":216528,"minecraft:damage_taken":1566,"minecraft:walk_one_cm":203784,"minecraft:damage_blocked_by_shield":470,"minecraft:drop":12,"minecraft:damage_dealt":4481,"minecraft:swim_one_cm":25208,"minecraft:fly_one_cm":205422,"minecraft:open_chest":12,"minecraft:crouch_one_cm":12228,"tombstone:undead_killed":15,"minecraft:deaths":2,"minecraft:sneak_time":3870,"minecraft:walk_under_water_one_cm":11084,"minecraft:jump":1237,"minecraft:walk_on_water_one_cm":10627,"minecraft:fall_one_cm":25480},"minecraft:broken":{"minecraft:stone_pickaxe":2,"minecraft:wooden_axe":1}},"DataVersion":2586}