{"stats":{"minecraft:used":{"minecraft:netherite_sword":3,"minecraft:armor_stand":1,"minecraft:stone_pickaxe":291,"minecraft:oak_planks":40,"minecraft:wooden_pickaxe":15,"minecraft:cooked_salmon":4,"minecraft:torch":10,"minecraft:dirt":1,"minecraft:crafting_table":4,"minecraft:wooden_axe":30,"minecraft:melon_slice":1,"minecraft:iron_pickaxe":18,"minecraft:spruce_sapling":1,"minecraft:stone_axe":27,"minecraft:cobblestone":181,"minecraft:furnace":3,"alexsmobs:animal_dictionary":1},"minecraft:killed":{"minecraft:salmon":25},"minecraft:mined":{"byg:dacite":16,"quark:red_stool":2,"byg:cattail":3,"minecraft:crafting_table":2,"minecraft:grass_block":5,"quark:stone_speleothem":3,"minecraft:cobblestone":22,"byg:pine_leaves":2,"minecraft:spruce_leaves":6,"byg:overgrown_dacite":3,"minecraft:wall_torch":2,"byg:soapstone":1,"byg:scoria_stone":16,"minecraft:furnace":1,"minecraft:iron_ore":4,"byg:short_grass":2,"minecraft:grass":32,"minecraft:coal_ore":25,"minecraft:oak_log":28,"minecraft:gravel":2,"minecraft:dirt":5,"minecraft:stone":227,"quark:root":1},"minecraft:dropped":{"alexsmobs:animal_dictionary":1,"byg:cattail":3,"minecraft:iron_chestplate":1,"minecraft:iron_leggings":1,"minecraft:egg":1},"minecraft:crafted":{"minecraft:oak_planks":112,"minecraft:crafting_table":2,"minecraft:wooden_pickaxe":1,"minecraft:iron_helmet":1,"minecraft:furnace":2,"minecraft:cooked_salmon":20,"minecraft:bucket":1,"minecraft:stone_axe":1,"minecraft:air":0,"minecraft:iron_boots":1,"minecraft:stick":32,"minecraft:iron_ingot":15,"minecraft:stone_pickaxe":5,"minecraft:wooden_axe":1,"minecraft:torch":56},"minecraft:picked_up":{"minecraft:iron_chestplate":1,"minecraft:crafting_table":2,"byg:soapstone":1,"minecraft:salmon":20,"minecraft:oak_log":28,"byg:dacite_cobblestone":19,"minecraft:dirt":10,"minecraft:iron_leggings":2,"minecraft:armor_stand":1,"byg:scoria_cobblestone":16,"minecraft:wheat_seeds":4,"minecraft:netherite_sword":1,"minecraft:bucket":1,"minecraft:iron_ingot":2,"minecraft:iron_ore":15,"minecraft:iron_pickaxe":1,"minecraft:melon_slice":18,"minecraft:iron_boots":1,"minecraft:egg":3,"minecraft:furnace":1,"minecraft:torch":2,"minecraft:gravel":2,"minecraft:spruce_sapling":1,"quark:red_stool":2,"byg:cattail":6,"alexsmobs:animal_dictionary":1,"minecraft:iron_helmet":1,"minecraft:bone_meal":2,"minecraft:coal":24,"minecraft:cobblestone":226},"minecraft:custom":{"minecraft:interact_with_furnace":19,"minecraft:mob_kills":25,"minecraft:interact_with_crafting_table":13,"minecraft:play_one_minute":49956,"minecraft:leave_game":3,"minecraft:time_since_death":49956,"minecraft:time_since_rest":49956,"minecraft:waystone_activated":1,"minecraft:sprint_one_cm":124826,"minecraft:damage_taken":58,"minecraft:walk_one_cm":89136,"minecraft:drop":5,"minecraft:damage_dealt":965,"minecraft:swim_one_cm":23306,"minecraft:fly_one_cm":134142,"minecraft:open_chest":1,"minecraft:crouch_one_cm":11950,"minecraft:sneak_time":3764,"minecraft:walk_under_water_one_cm":11058,"minecraft:jump":889,"minecraft:walk_on_water_one_cm":9779,"minecraft:fall_one_cm":19288},"minecraft:broken":{"minecraft:stone_pickaxe":2,"minecraft:wooden_axe":1}},"DataVersion":2586}