{"stats":{"minecraft:mined":{"quark:red_stool":2,"minecraft:mossy_cobblestone":2,"minecraft:cobblestone_stairs":1,"byg:cattail":3,"minecraft:grass_block":7,"minecraft:spruce_leaves":16,"minecraft:spawner":2,"gobber2:gobber2_ore":2,"minecraft:furnace":1,"minecraft:iron_ore":8,"minecraft:barrel":1,"minecraft:andesite":26,"minecraft:pumpkin":1,"minecraft:iron_bars":2,"minecraft:stone":470,"byg:dacite":16,"byg:orange_oak_leaves":2,"minecraft:red_bed":3,"minecraft:clay":1,"minecraft:crafting_table":4,"minecraft:torch":1,"quark:stone_speleothem":3,"minecraft:chest":1,"minecraft:cobblestone":42,"byg:overgrown_dacite":3,"byg:pine_leaves":2,"minecraft:lapis_ore":2,"minecraft:sugar_cane":1,"minecraft:oak_planks":3,"minecraft:wall_torch":8,"minecraft:seagrass":1,"byg:soapstone":5,"byg:scoria_stone":30,"byg:short_grass":2,"minecraft:tnt":1,"minecraft:grass":39,"minecraft:oak_log":37,"minecraft:coal_ore":47,"minecraft:gravel":9,"minecraft:dirt":12,"minecraft:cobweb":4,"quark:root":1},"minecraft:killed_by":{"minecraft:creeper":1,"mowziesmobs:ferrous_wroughtnaut":1,"enderlinginvaders:watchling":1,"enderlinginvaders:necrosent":1},"minecraft:custom":{"minecraft:mob_kills":76,"minecraft:interact_with_crafting_table":28,"minecraft:open_barrel":20,"minecraft:leave_game":5,"minecraft:time_since_death":59950,"minecraft:climb_one_cm":2520,"minecraft:damage_resisted":94,"minecraft:sprint_one_cm":533138,"minecraft:walk_one_cm":418204,"minecraft:damage_blocked_by_shield":580,"minecraft:drop":34,"minecraft:talked_to_villager":5,"minecraft:deaths":4,"minecraft:sneak_time":5201,"minecraft:walk_under_water_one_cm":24920,"minecraft:boat_one_cm":6323,"minecraft:jump":3484,"minecraft:walk_on_water_one_cm":31885,"minecraft:interact_with_furnace":26,"tombstone:raider_killed":14,"minecraft:play_one_minute":157012,"minecraft:sleep_in_bed":2,"minecraft:time_since_rest":30159,"minecraft:waystone_activated":2,"minecraft:damage_taken":4448,"minecraft:damage_absorbed":1297,"minecraft:damage_dealt":13066,"minecraft:swim_one_cm":49760,"minecraft:fly_one_cm":607765,"minecraft:open_chest":26,"minecraft:crouch_one_cm":16802,"tombstone:undead_killed":33,"minecraft:fall_one_cm":62554},"minecraft:dropped":{"minecraft:wheat_seeds":5,"minecraft:glass_bottle":10,"minecraft:iron_helmet":1,"minecraft:coal":1,"byg:cattail":3,"minecraft:dirt":2,"tombstone:bag_of_seeds":3,"byg:soapstone":1,"minecraft:melon_slice":8,"tombstone:grave_dust":2,"minecraft:iron_leggings":1,"minecraft:bone_meal":2,"minecraft:sugar":1,"minecraft:iron_pickaxe":1,"minecraft:sugar_cane":1,"minecraft:stone_sword":1,"alexsmobs:animal_dictionary":1,"minecraft:wither_skeleton_skull":1,"minecraft:glowstone_dust":27,"minecraft:poppy":3,"alexsmobs:cockroach_wing_fragment":1,"minecraft:iron_chestplate":1,"minecraft:arrow":12,"enderlinginvaders:watchling_eye":1,"minecraft:stone_pickaxe":3,"minecraft:egg":3},"minecraft:picked_up":{"minecraft:iron_chestplate":1,"minecraft:crafting_table":4,"byg:soapstone":1,"iceandfire:witherbone":3,"minecraft:potion":1,"minecraft:enchanted_book":2,"minecraft:string":4,"minecraft:red_bed":3,"endergetic:poise_boat":4,"minecraft:iron_leggings":2,"minecraft:armor_stand":1,"minecraft:netherite_sword":1,"minecraft:bucket":1,"minecraft:beef":8,"minecraft:oak_boat":4,"minecraft:poppy":3,"minecraft:iron_pickaxe":1,"minecraft:enchanted_golden_apple":1,"minecraft:melon_slice":18,"minecraft:sugar_cane":1,"minecraft:chest":1,"minecraft:furnace":1,"minecraft:egg":3,"minecraft:iron_boots":1,"minecraft:torch":13,"tombstone:grave_dust":2,"byg:cattail":6,"minecraft:arrow":40,"minecraft:stone_sword":1,"minecraft:rotten_flesh":32,"minecraft:gold_ingot":11,"minecraft:cobblestone":476,"minecraft:water_bucket":3,"minecraft:salmon":20,"minecraft:leather":3,"minecraft:red_mushroom":4,"minecraft:oak_log":37,"gobber2:gobber2_ore":2,"minecraft:cobblestone_stairs":1,"minecraft:gunpowder":2,"minecraft:wither_skeleton_skull":1,"byg:dacite_cobblestone":19,"mowziesmobs:wrought_axe":1,"minecraft:lapis_lazuli":16,"minecraft:dirt":12,"minecraft:bone":18,"byg:scoria_cobblestone":23,"minecraft:wheat_seeds":5,"alexsmobs:cockroach_wing_fragment":1,"minecraft:iron_ingot":5,"minecraft:stone_pickaxe":1,"minecraft:iron_ore":15,"tombstone:bag_of_seeds":3,"minecraft:glowstone_dust":54,"minecraft:glass_bottle":14,"minecraft:oak_planks":3,"minecraft:pumpkin":1,"minecraft:gravel":8,"quark:red_stool":2,"mowziesmobs:wrought_helmet":1,"minecraft:spruce_sapling":1,"minecraft:barrel":1,"alexsmobs:animal_dictionary":1,"minecraft:sugar":2,"enderlinginvaders:watchling_eye":3,"minecraft:diamond":2,"minecraft:iron_helmet":1,"minecraft:bone_meal":2,"minecraft:golden_apple":9,"minecraft:emerald":2,"minecraft:coal":54,"minecraft:ender_pearl":3},"minecraft:killed":{"minecraft:witch":2,"minecraft:vindicator":3,"minecraft:skeleton":7,"mowziesmobs:ferrous_wroughtnaut":1,"enderlinginvaders:watchling":1,"minecraft:husk":9,"minecraft:salmon":25,"minecraft:creeper":2,"minecraft:pillager":9,"minecraft:zombie":7,"enderlinginvaders:necrosent":1,"minecraft:stray":3,"minecraft:wither_skeleton":5,"minecraft:cow":4},"minecraft:broken":{"minecraft:stone_pickaxe":2,"minecraft:wooden_axe":1},"minecraft:crafted":{"minecraft:oak_planks":148,"minecraft:furnace":3,"gobber2:gobber2_glob":2,"minecraft:diamond_leggings":1,"minecraft:iron_boots":1,"tombstone:grave_key":1,"gobber2:gobber2_boots":1,"minecraft:stone_pickaxe":5,"minecraft:diamond_boots":1,"gobber2:gobber2_ingot":6,"minecraft:crafting_table":5,"minecraft:wooden_pickaxe":1,"minecraft:iron_helmet":1,"minecraft:cooked_salmon":20,"minecraft:bucket":1,"minecraft:stone_axe":1,"minecraft:air":0,"minecraft:oak_boat":1,"minecraft:diamond_pickaxe":1,"minecraft:shield":1,"minecraft:stick":52,"minecraft:iron_ingot":15,"minecraft:wooden_axe":1,"minecraft:torch":128,"minecraft:diamond_chestplate":1},"minecraft:used":{"minecraft:netherite_sword":108,"minecraft:armor_stand":1,"minecraft:shield":21,"minecraft:cooked_salmon":20,"minecraft:torch":88,"minecraft:dirt":1,"minecraft:wooden_axe":30,"minecraft:furnace":4,"endergetic:poise_boat":3,"minecraft:enchanted_golden_apple":1,"minecraft:water_bucket":35,"minecraft:baked_potato":2,"minecraft:stone_pickaxe":291,"minecraft:oak_planks":44,"minecraft:wooden_pickaxe":15,"minecraft:golden_apple":37,"minecraft:crafting_table":8,"minecraft:red_bed":2,"mowziesmobs:wrought_axe":133,"minecraft:diamond_pickaxe":263,"minecraft:bread":9,"minecraft:melon_slice":1,"minecraft:iron_pickaxe":119,"minecraft:spruce_sapling":1,"minecraft:stone_axe":29,"minecraft:cobblestone":316,"minecraft:potion":1,"minecraft:bucket":36,"minecraft:oak_boat":5,"alexsmobs:animal_dictionary":1,"minecraft:cobweb":4}},"DataVersion":2586}