{"stats":{"minecraft:used":{"minecraft:netherite_sword":98,"minecraft:armor_stand":1,"minecraft:shield":19,"minecraft:cooked_salmon":15,"minecraft:torch":50,"minecraft:dirt":1,"minecraft:wooden_axe":30,"minecraft:furnace":4,"minecraft:enchanted_golden_apple":1,"minecraft:stone_pickaxe":291,"minecraft:oak_planks":40,"minecraft:wooden_pickaxe":15,"minecraft:golden_apple":35,"minecraft:crafting_table":7,"minecraft:red_bed":1,"mowziesmobs:wrought_axe":53,"minecraft:diamond_pickaxe":39,"minecraft:melon_slice":1,"minecraft:iron_pickaxe":118,"minecraft:spruce_sapling":1,"minecraft:stone_axe":29,"minecraft:potion":1,"minecraft:cobblestone":229,"alexsmobs:animal_dictionary":1},"minecraft:killed":{"minecraft:witch":2,"minecraft:skeleton":7,"mowziesmobs:ferrous_wroughtnaut":1,"minecraft:husk":9,"minecraft:salmon":25,"minecraft:creeper":1,"minecraft:zombie":7,"enderlinginvaders:necrosent":1,"minecraft:stray":3,"minecraft:wither_skeleton":5},"minecraft:mined":{"quark:red_stool":2,"minecraft:cobblestone_stairs":1,"byg:cattail":3,"minecraft:grass_block":5,"minecraft:spruce_leaves":6,"minecraft:spawner":1,"gobber2:gobber2_ore":2,"minecraft:furnace":1,"minecraft:iron_ore":7,"minecraft:iron_bars":2,"minecraft:stone":318,"byg:dacite":16,"minecraft:red_bed":1,"minecraft:crafting_table":3,"quark:stone_speleothem":3,"minecraft:chest":1,"minecraft:cobblestone":40,"byg:pine_leaves":2,"byg:overgrown_dacite":3,"minecraft:lapis_ore":2,"minecraft:wall_torch":5,"byg:soapstone":1,"byg:scoria_stone":16,"byg:short_grass":2,"minecraft:tnt":1,"minecraft:grass":33,"minecraft:coal_ore":33,"minecraft:oak_log":28,"minecraft:gravel":9,"minecraft:dirt":5,"quark:root":1},"minecraft:dropped":{"minecraft:wheat_seeds":5,"minecraft:iron_helmet":1,"minecraft:coal":1,"byg:cattail":3,"tombstone:bag_of_seeds":1,"byg:soapstone":1,"minecraft:melon_slice":8,"tombstone:grave_dust":2,"minecraft:iron_leggings":1,"minecraft:bone_meal":2,"alexsmobs:animal_dictionary":1,"minecraft:wither_skeleton_skull":1,"minecraft:iron_chestplate":1,"enderlinginvaders:watchling_eye":1,"minecraft:stone_pickaxe":3,"minecraft:egg":3},"minecraft:killed_by":{"minecraft:creeper":1,"mowziesmobs:ferrous_wroughtnaut":1,"enderlinginvaders:watchling":1,"enderlinginvaders:necrosent":1},"minecraft:crafted":{"minecraft:oak_planks":112,"minecraft:furnace":3,"gobber2:gobber2_glob":2,"minecraft:diamond_leggings":1,"minecraft:iron_boots":1,"tombstone:grave_key":1,"minecraft:stone_pickaxe":5,"minecraft:diamond_boots":1,"gobber2:gobber2_ingot":6,"minecraft:crafting_table":4,"minecraft:wooden_pickaxe":1,"minecraft:iron_helmet":1,"minecraft:cooked_salmon":20,"minecraft:bucket":1,"minecraft:stone_axe":1,"minecraft:air":0,"minecraft:diamond_pickaxe":1,"minecraft:shield":1,"minecraft:stick":36,"minecraft:iron_ingot":15,"minecraft:wooden_axe":1,"minecraft:torch":64,"minecraft:diamond_chestplate":1},"minecraft:picked_up":{"minecraft:iron_chestplate":1,"minecraft:crafting_table":3,"byg:soapstone":1,"iceandfire:witherbone":3,"minecraft:potion":1,"minecraft:enchanted_book":1,"minecraft:red_bed":1,"minecraft:iron_leggings":2,"minecraft:armor_stand":1,"minecraft:netherite_sword":1,"minecraft:bucket":1,"minecraft:poppy":3,"minecraft:iron_pickaxe":1,"minecraft:enchanted_golden_apple":1,"minecraft:melon_slice":18,"minecraft:chest":1,"minecraft:furnace":1,"minecraft:iron_boots":1,"minecraft:egg":3,"minecraft:torch":5,"tombstone:grave_dust":2,"byg:cattail":6,"minecraft:arrow":17,"minecraft:stone_sword":1,"minecraft:rotten_flesh":31,"minecraft:gold_ingot":11,"minecraft:cobblestone":390,"minecraft:salmon":20,"minecraft:oak_log":28,"byg:dacite_cobblestone":19,"minecraft:cobblestone_stairs":1,"minecraft:gunpowder":2,"minecraft:wither_skeleton_skull":1,"gobber2:gobber2_ore":2,"mowziesmobs:wrought_axe":1,"minecraft:lapis_lazuli":16,"minecraft:dirt":10,"byg:scoria_cobblestone":16,"minecraft:bone":18,"minecraft:wheat_seeds":5,"alexsmobs:cockroach_wing_fragment":1,"minecraft:iron_ingot":5,"minecraft:stone_pickaxe":1,"minecraft:iron_ore":15,"tombstone:bag_of_seeds":2,"minecraft:glass_bottle":4,"minecraft:glowstone_dust":27,"minecraft:gravel":8,"mowziesmobs:wrought_helmet":1,"minecraft:spruce_sapling":1,"quark:red_stool":2,"alexsmobs:animal_dictionary":1,"minecraft:sugar":1,"enderlinginvaders:watchling_eye":2,"minecraft:diamond":2,"minecraft:iron_helmet":1,"minecraft:bone_meal":2,"minecraft:golden_apple":9,"minecraft:coal":40,"minecraft:ender_pearl":3},"minecraft:custom":{"minecraft:mob_kills":59,"minecraft:interact_with_crafting_table":24,"minecraft:leave_game":3,"minecraft:time_since_death":3805,"minecraft:damage_resisted":94,"minecraft:climb_one_cm":978,"minecraft:sprint_one_cm":342997,"minecraft:walk_one_cm":345182,"minecraft:damage_blocked_by_shield":520,"minecraft:drop":19,"minecraft:deaths":4,"minecraft:sneak_time":5002,"minecraft:walk_under_water_one_cm":11084,"minecraft:jump":1951,"minecraft:walk_on_water_one_cm":10627,"minecraft:interact_with_furnace":26,"tombstone:raider_killed":2,"minecraft:play_one_minute":100867,"minecraft:time_since_rest":3041,"minecraft:waystone_activated":1,"minecraft:damage_taken":3943,"minecraft:damage_absorbed":1217,"minecraft:damage_dealt":9086,"minecraft:swim_one_cm":25208,"minecraft:fly_one_cm":320361,"minecraft:open_chest":19,"minecraft:crouch_one_cm":16141,"tombstone:undead_killed":32,"minecraft:fall_one_cm":27970},"minecraft:broken":{"minecraft:stone_pickaxe":2,"minecraft:wooden_axe":1}},"DataVersion":2586}