{"stats":{"minecraft:used":{"byg:dacite":1,"christmasfestivity:christmas_leaves":1,"savageandravage:cleaver_of_beheading":3,"waystones:waystone":1,"alexsmobs:maggot":1,"minecraft:flint_and_steel":4,"christmasfestivity:snowman_block_white":2,"minecraft:oak_planks":75,"minecraft:polished_basalt":122,"minecraft:dark_oak_leaves":5,"minecraft:stone_bricks":98,"christmasfestivity:sugar_block":11,"minecraft:cobblestone":86,"christmasfestivity:christmas_tree":1,"byg:overgrown_dacite":6,"minecraft:spruce_log":86,"minecraft:obsidian":31},"minecraft:killed":{"alexsmobs:fly":1},"minecraft:custom":{"minecraft:time_since_rest":46510,"minecraft:waystone_activated":1,"minecraft:sprint_one_cm":97014,"minecraft:walk_one_cm":86858,"minecraft:mob_kills":1,"minecraft:drop":10,"minecraft:damage_dealt":174,"minecraft:swim_one_cm":3734,"minecraft:fly_one_cm":452456,"minecraft:open_chest":1,"minecraft:play_one_minute":46510,"minecraft:crouch_one_cm":891,"minecraft:sneak_time":1257,"minecraft:walk_under_water_one_cm":560,"minecraft:jump":946,"minecraft:leave_game":2,"minecraft:walk_on_water_one_cm":522,"minecraft:time_since_death":46510,"minecraft:climb_one_cm":1270},"minecraft:dropped":{"minecraft:bread":64,"minecraft:iron_sword":1,"minecraft:stone_axe":1,"minecraft:shield":1,"minecraft:cooked_beef":32,"infernalexp:luminous_fungus":1,"byg:pine_sapling":1,"minecraft:stone_shovel":1,"curios:crown":1,"minecraft:stone_pickaxe":1},"minecraft:picked_up":{"minecraft:stick":7,"minecraft:spruce_sapling":3,"infernalexp:luminous_fungus":1,"byg:pine_sapling":3,"byg:winter_succulent":3,"minecraft:wheat_seeds":1,"alexsmobs:maggot":2}},"DataVersion":2586}