{"stats":{"minecraft:used":{"minecraft:oak_fence":20,"byg:dacite":3,"minecraft:oak_trapdoor":10,"christmasfestivity:christmas_leaves":102,"christmasfestivity:christmas_ceiling_light_white":2,"christmasfestivity:garland_round":2,"unusualend:music_disc_flying_ships":1,"minecraft:iron_bars":2,"minecraft:spruce_door":2,"minecraft:flint_and_steel":4,"christmasfestivity:snowy_garland_angled":2,"christmasfestivity:christmas_tree_star_topper_two":3,"gobber2:gobber2_hammer_nether":107,"christmasfestivity:epiphany_stocking_black":1,"christmasfestivity:christmas_square_lime":9,"minecraft:oak_planks":312,"minecraft:ladder":9,"minecraft:polished_basalt":122,"christmasfestivity:epiphany_stocking_blue":1,"minecraft:spruce_planks":180,"minecraft:stone":3,"christmasfestivity:garland_angled":6,"christmasfestivity:sugar_block":11,"christmasfestivity:christmas_present_white":1,"infernalexp:basalt_stairs":4,"minecraft:oak_slab":86,"christmasfestivity:christmas_square_purple":5,"minecraft:red_bed":13,"christmasfestivity:epiphany_stocking_yellow":1,"minecraft:brick_slab":23,"christmasfestivity:christmas_tree_star_topper_one":2,"minecraft:spruce_stairs":197,"minecraft:cobblestone_wall":6,"christmasfestivity:little_christmas_tree":5,"minecraft:campfire":4,"christmasfestivity:christmas_square_red":6,"minecraft:painting":11,"minecraft:spruce_log":205,"christmasfestivity:epiphany_stocking_red":12,"minecraft:obsidian":31,"minecraft:glass":43,"waystones:waystone":1,"savageandravage:cleaver_of_beheading":3,"alexsmobs:maggot":1,"christmasfestivity:epiphany_stocking_green":1,"minecraft:bricks":133,"minecraft:lantern":10,"minecraft:oak_stairs":150,"christmasfestivity:snowman_block_white":2,"minecraft:brick_stairs":50,"minecraft:dark_oak_leaves":5,"christmasfestivity:christmas_square_yellow":5,"minecraft:stone_bricks":110,"minecraft:polished_andesite_slab":19,"christmasfestivity:epiphany_stocking_brown":1,"minecraft:diamond_sword":2,"minecraft:cobblestone":124,"christmasfestivity:santa_claus_block":3,"byg:overgrown_dacite":31,"christmasfestivity:christmas_tree":2,"byg:scoria_cobblestone":4,"christmasfestivity:epiphany_stocking_purple":1,"minecraft:glass_pane":65,"minecraft:smooth_stone_slab":43,"christmasfestivity:garland":31,"christmasfestivity:christmas_bells":4,"minecraft:jukebox":1,"christmasfestivity:epiphany_stocking_cyan":1,"christmasfestivity:epiphany_stocking_lime":1,"christmasfestivity:disc_jinglebells":1},"minecraft:mined":{"byg:soapstone":4,"minecraft:iron_ore":1,"minecraft:coal_ore":2,"byg:rocky_stone":3,"minecraft:stone":96,"minecraft:gold_ore":1},"minecraft:killed":{"minecraft:skeleton":1,"alexsmobs:fly":1},"minecraft:custom":{"minecraft:mob_kills":2,"minecraft:play_record":2,"minecraft:play_one_minute":124510,"minecraft:leave_game":2,"minecraft:time_since_death":124510,"minecraft:sleep_in_bed":1,"minecraft:climb_one_cm":1514,"minecraft:time_since_rest":17467,"minecraft:waystone_activated":1,"minecraft:sprint_one_cm":159907,"minecraft:walk_one_cm":306545,"minecraft:drop":26,"minecraft:damage_dealt":384,"minecraft:swim_one_cm":3734,"minecraft:fly_one_cm":693505,"minecraft:open_chest":1,"minecraft:crouch_one_cm":10204,"tombstone:undead_killed":1,"minecraft:sneak_time":5731,"minecraft:walk_under_water_one_cm":560,"minecraft:jump":1420,"minecraft:walk_on_water_one_cm":522},"minecraft:dropped":{"minecraft:bread":64,"minecraft:iron_sword":1,"minecraft:stone_axe":1,"quark:root_item":2,"minecraft:cooked_beef":32,"minecraft:oak_log":2,"minecraft:coarse_dirt":4,"byg:pine_sapling":4,"byg:red_oak_sapling":1,"minecraft:stone_shovel":1,"curios:crown":1,"christmasfestivity:black_hat":1,"minecraft:rail":3,"minecraft:stick":13,"minecraft:dirt":7,"minecraft:shield":1,"minecraft:gunpowder":2,"infernalexp:luminous_fungus":1,"minecraft:oak_sapling":1,"minecraft:arrow":1,"minecraft:stone_pickaxe":1,"minecraft:spruce_sapling":17,"minecraft:bone":2,"minecraft:egg":1},"minecraft:picked_up":{"minecraft:coarse_dirt":4,"byg:soapstone":24,"minecraft:enchanted_book":1,"christmasfestivity:black_hat":1,"minecraft:oak_log":2,"christmasfestivity:disc_jinglebells":1,"unusualend:music_disc_flying_ships":1,"minecraft:gunpowder":2,"infernalexp:luminous_fungus":1,"minecraft:dirt":7,"byg:winter_succulent":3,"christmasfestivity:garland_round":1,"byg:scoria_cobblestone":5,"minecraft:bone":4,"byg:red_oak_sapling":1,"minecraft:wheat_seeds":2,"minecraft:iron_ore":13,"quark:root_item":2,"minecraft:egg":1,"minecraft:stick":37,"minecraft:spruce_sapling":23,"minecraft:gold_ore":5,"alexsmobs:animal_dictionary":1,"byg:aspen_sapling":1,"byg:pine_sapling":20,"minecraft:arrow":1,"minecraft:coal":8,"alexsmobs:maggot":2,"minecraft:cobblestone":863,"minecraft:oak_sapling":1,"byg:rocky_stone":30,"minecraft:rail":3}},"DataVersion":2586}