{"stats":{"minecraft:used":{"minecraft:oak_fence":46,"christmasfestivity:christmas_leaves":102,"christmasfestivity:disc_jinglebells":1,"christmasfestivity:epiphany_stocking_lime":1,"minecraft:oak_trapdoor":11,"minecraft:netherite_sword":27,"minecraft:iron_bars":39,"quark:cobbled_deepslate":12,"minecraft:flint_and_steel":4,"minecraft:armor_stand":2,"christmasfestivity:epiphany_stocking_black":1,"minecraft:ladder":17,"minecraft:polished_basalt":122,"christmasfestivity:epiphany_stocking_blue":1,"minecraft:spruce_planks":180,"minecraft:chest":18,"minecraft:stone":403,"minecraft:zombie_spawn_egg":2,"minecraft:wither_skeleton_spawn_egg":2,"minecraft:dirt":12,"minecraft:stray_spawn_egg":5,"minecraft:skeleton_spawn_egg":1,"minecraft:brick_slab":23,"christmasfestivity:christmas_tree_star_topper_one":2,"minecraft:spruce_stairs":197,"minecraft:cobblestone_wall":6,"christmasfestivity:little_christmas_tree":5,"christmasfestivity:christmas_square_red":6,"gobber2:gobber2_hammer_end":518,"christmasfestivity:epiphany_stocking_red":12,"minecraft:obsidian":40,"byg:zelkova_wood":16,"minecraft:glass":43,"alexsmobs:maggot":1,"minecraft:bricks":133,"minecraft:lantern":18,"christmasfestivity:snowman_block_white":2,"minecraft:oak_stairs":150,"minecraft:brick_stairs":50,"minecraft:spawner":24,"champions:egg":10,"minecraft:dark_oak_leaves":5,"christmasfestivity:christmas_square_yellow":5,"minecraft:stone_bricks":262,"minecraft:glowstone":34,"minecraft:red_carpet":24,"christmasfestivity:santa_claus_block":3,"christmasfestivity:christmas_tree":2,"minecraft:drowned_spawn_egg":2,"minecraft:enchanted_golden_apple":12,"christmasfestivity:garland":31,"christmasfestivity:christmas_bells":4,"byg:dacite":3,"christmasfestivity:christmas_ceiling_light_white":2,"christmasfestivity:garland_round":2,"unusualend:music_disc_flying_ships":1,"minecraft:cobblestone_stairs":50,"quark:deepslate":51,"minecraft:spruce_door":2,"christmasfestivity:snowy_garland_angled":2,"christmasfestivity:christmas_tree_star_topper_two":3,"minecraft:witch_spawn_egg":5,"minecraft:oak_planks":312,"gobber2:gobber2_hammer_nether":144,"christmasfestivity:christmas_square_lime":9,"minecraft:cauldron":1,"christmasfestivity:garland_angled":6,"byg:rocky_stone":6,"minecraft:cobblestone_slab":12,"minecraft:vindicator_spawn_egg":2,"byg:zelkova_stairs":30,"minecraft:mossy_cobblestone":100,"minecraft:crafting_table":1,"christmasfestivity:sugar_block":11,"infernalexp:basalt_stairs":4,"minecraft:tnt":5,"christmasfestivity:christmas_present_white":1,"minecraft:vine":43,"minecraft:oak_slab":86,"christmasfestivity:christmas_square_purple":5,"minecraft:red_bed":17,"christmasfestivity:epiphany_stocking_yellow":1,"quark:red_stool":2,"minecraft:campfire":4,"minecraft:painting":11,"minecraft:spruce_log":205,"gobber2:gobber2_excavator_end":41,"waystones:waystone":1,"savageandravage:cleaver_of_beheading":3,"minecraft:lever":3,"christmasfestivity:epiphany_stocking_green":1,"byg:zelkova_log":8,"byg:zelkova_planks":58,"minecraft:gravel":13,"minecraft:polished_andesite_slab":19,"enderlinginvaders:watchling_spawn_egg":1,"christmasfestivity:epiphany_stocking_brown":1,"christmasfestivity:disc_marrychristmas":4,"minecraft:diamond_sword":2,"minecraft:cobblestone":561,"byg:overgrown_dacite":31,"byg:scoria_cobblestone":4,"christmasfestivity:epiphany_stocking_purple":1,"minecraft:chain":6,"minecraft:glass_pane":65,"minecraft:smooth_stone_slab":43,"minecraft:husk_spawn_egg":5,"minecraft:jukebox":3,"christmasfestivity:epiphany_stocking_cyan":1},"minecraft:killed":{"minecraft:witch":1,"minecraft:skeleton":2,"mowziesmobs:ferrous_wroughtnaut":1,"alexsmobs:centipede_head":1,"enderlinginvaders:endersent":1,"minecraft:zombie":1,"alexsmobs:fly":1},"minecraft:mined":{"minecraft:diamond_ore":3,"minecraft:redstone_ore":2,"gobber2:gobber2_ore":1,"minecraft:iron_ore":5,"quark:smooth_basalt":1,"byg:rocky_stone":14,"minecraft:stone":380,"minecraft:cobblestone":57,"byg:soapstone":21,"byg:scoria_stone":9,"quark:deepslate":152,"minecraft:coal_ore":12,"minecraft:gravel":25,"minecraft:dirt":16,"minecraft:gold_ore":1},"minecraft:dropped":{"minecraft:iron_ingot":64,"minecraft:bread":64,"minecraft:iron_sword":1,"minecraft:cooked_beef":32,"minecraft:oak_log":2,"byg:pine_sapling":4,"minecraft:glass_bottle":1,"byg:red_oak_sapling":1,"minecraft:iron_helmet":1,"christmasfestivity:black_hat":1,"savageandravage:griefer_leggings":1,"minecraft:rail":3,"minecraft:stick":13,"tombstone:bag_of_seeds":1,"minecraft:dirt":7,"infernalexp:luminous_fungus":1,"tombstone:grave_dust":2,"minecraft:potion":4,"minecraft:iron_leggings":1,"minecraft:sugar":2,"minecraft:gold_ingot":5,"minecraft:spruce_sapling":17,"minecraft:bone":2,"savageandravage:griefer_helmet":2,"minecraft:stone_axe":1,"alexsmobs:maggot":2,"quark:root_item":2,"minecraft:lever":1,"minecraft:coarse_dirt":4,"gobber2:gobber2_hammer_end":1,"minecraft:netherite_sword":1,"gobber2:gobber2_hammer_nether":1,"minecraft:stone_shovel":1,"curios:crown":1,"minecraft:rotten_flesh":7,"minecraft:iron_boots":1,"gobber2:gobber2_excavator_end":1,"savageandravage:griefer_chestplate":1,"savageandravage:griefer_boots":1,"minecraft:shield":1,"minecraft:gunpowder":2,"minecraft:iron_chestplate":1,"minecraft:andesite":1,"minecraft:glowstone":1,"minecraft:oak_sapling":1,"gobber2:gobber2_glob":4,"minecraft:arrow":1,"enderlinginvaders:watchling_eye":1,"minecraft:stone_pickaxe":1,"minecraft:enchanted_book":2,"minecraft:egg":1},"minecraft:killed_by":{"mowziesmobs:ferrous_wroughtnaut":1},"minecraft:crafted":{"gobber2:gobber2_glob":4,"minecraft:air":0,"minecraft:iron_ingot":64,"minecraft:gold_ingot":5},"minecraft:picked_up":{"minecraft:coarse_dirt":4,"byg:soapstone":151,"minecraft:ladder":1,"minecraft:clay_ball":12,"iceandfire:copper_ore":1,"minecraft:enchanted_book":3,"byg:brown_oak_sapling":1,"byg:winter_succulent":3,"minecraft:iron_leggings":2,"minecraft:ender_eye":1,"quark:root_item":6,"minecraft:enchanted_golden_apple":6,"minecraft:sugar_cane":4,"minecraft:iron_boots":1,"minecraft:egg":10,"byg:zelkova_sapling":6,"minecraft:stick":66,"minecraft:torch":18,"tombstone:grave_dust":2,"iceandfire:rotten_egg":2,"minecraft:diorite":64,"savageandravage:griefer_helmet":1,"minecraft:redstone":111,"byg:cattail":1,"alexsmobs:centipede_leg":1,"byg:aspen_sapling":1,"byg:pine_sapling":41,"minecraft:arrow":4,"minecraft:rotten_flesh":16,"quark:smooth_basalt":9,"minecraft:gold_ingot":28,"minecraft:mutton":2,"minecraft:white_wool":1,"minecraft:iron_bars":17,"byg:rocky_stone":146,"minecraft:rail":19,"minecraft:cobblestone":4009,"enderlinginvaders:skull_of_ender":1,"minecraft:andesite":1,"minecraft:jungle_log":1,"gobber2:gobber2_hammer_end":1,"christmasfestivity:black_hat":1,"minecraft:flint":11,"minecraft:oak_log":2,"christmasfestivity:disc_jinglebells":1,"unusualend:music_disc_flying_ships":1,"minecraft:gunpowder":6,"infernalexp:luminous_fungus":1,"gobber2:gobber2_ore":12,"minecraft:dirt":51,"christmasfestivity:disc_marrychristmas":3,"christmasfestivity:garland_round":1,"byg:scoria_cobblestone":89,"minecraft:bone":8,"minecraft:stone_bricks":1,"byg:red_oak_sapling":1,"mowziesmobs:foliaath_seed":1,"minecraft:wheat_seeds":5,"alexsmobs:cockroach_wing_fragment":3,"minecraft:iron_ingot":19,"minecraft:iron_ore":56,"tombstone:bag_of_seeds":1,"minecraft:glass_bottle":1,"gobber2:gobber2_excavator_end":1,"minecraft:gravel":150,"minecraft:spruce_sapling":41,"minecraft:ink_sac":4,"minecraft:gold_ore":5,"alexsmobs:animal_dictionary":1,"quark:cobbled_deepslate":1382,"minecraft:sugar":2,"enderlinginvaders:watchling_eye":1,"minecraft:diamond":35,"minecraft:lever":3,"minecraft:bone_meal":1,"minecraft:golden_apple":28,"gobber2:gobber2_hammer_nether":1,"alexsmobs:maggot":4,"minecraft:oak_sapling":4,"minecraft:crafting_table":1,"minecraft:coal":100,"minecraft:iron_chestplate":2,"minecraft:ender_pearl":16},"minecraft:custom":{"minecraft:mob_kills":8,"minecraft:leave_game":3,"minecraft:time_since_death":20675,"minecraft:damage_resisted":519,"minecraft:climb_one_cm":1953,"minecraft:sprint_one_cm":262295,"minecraft:walk_one_cm":668131,"minecraft:drop":62,"minecraft:deaths":1,"minecraft:sneak_time":11590,"minecraft:walk_under_water_one_cm":1605,"minecraft:jump":2078,"minecraft:walk_on_water_one_cm":1953,"minecraft:interact_with_furnace":8,"tombstone:raider_killed":1,"minecraft:play_record":6,"minecraft:play_one_minute":255151,"minecraft:sleep_in_bed":1,"minecraft:time_since_rest":20449,"minecraft:waystone_activated":1,"minecraft:damage_taken":823,"minecraft:damage_absorbed":1368,"minecraft:damage_dealt":3950,"minecraft:player_kills":1,"minecraft:swim_one_cm":6644,"minecraft:fly_one_cm":1981952,"minecraft:open_chest":12,"minecraft:crouch_one_cm":18699,"tombstone:undead_killed":3,"minecraft:fall_one_cm":2395}},"DataVersion":2586}