{"stats":{"minecraft:used":{"minecraft:oak_fence":20,"byg:dacite":3,"minecraft:oak_trapdoor":10,"christmasfestivity:christmas_leaves":102,"christmasfestivity:christmas_ceiling_light_white":2,"christmasfestivity:garland_round":2,"unusualend:music_disc_flying_ships":1,"minecraft:iron_bars":2,"minecraft:spruce_door":2,"minecraft:flint_and_steel":4,"christmasfestivity:snowy_garland_angled":2,"christmasfestivity:christmas_tree_star_topper_two":3,"gobber2:gobber2_hammer_nether":144,"christmasfestivity:epiphany_stocking_black":1,"christmasfestivity:christmas_square_lime":9,"minecraft:oak_planks":312,"minecraft:ladder":9,"minecraft:polished_basalt":122,"christmasfestivity:epiphany_stocking_blue":1,"minecraft:spruce_planks":180,"minecraft:stone":70,"byg:rocky_stone":4,"christmasfestivity:garland_angled":6,"minecraft:dirt":12,"christmasfestivity:sugar_block":11,"christmasfestivity:christmas_present_white":1,"infernalexp:basalt_stairs":4,"minecraft:oak_slab":86,"christmasfestivity:christmas_square_purple":5,"minecraft:red_bed":13,"christmasfestivity:epiphany_stocking_yellow":1,"minecraft:brick_slab":23,"christmasfestivity:christmas_tree_star_topper_one":2,"minecraft:spruce_stairs":197,"minecraft:cobblestone_wall":6,"christmasfestivity:little_christmas_tree":5,"minecraft:campfire":4,"gobber2:gobber2_hammer_end":246,"christmasfestivity:christmas_square_red":6,"minecraft:painting":11,"minecraft:spruce_log":205,"christmasfestivity:epiphany_stocking_red":12,"minecraft:obsidian":31,"gobber2:gobber2_excavator_end":24,"minecraft:glass":43,"waystones:waystone":1,"savageandravage:cleaver_of_beheading":3,"alexsmobs:maggot":1,"christmasfestivity:epiphany_stocking_green":1,"minecraft:bricks":133,"minecraft:lantern":10,"minecraft:oak_stairs":150,"christmasfestivity:snowman_block_white":2,"minecraft:brick_stairs":50,"minecraft:dark_oak_leaves":5,"christmasfestivity:christmas_square_yellow":5,"minecraft:stone_bricks":110,"minecraft:polished_andesite_slab":19,"christmasfestivity:epiphany_stocking_brown":1,"minecraft:diamond_sword":2,"minecraft:cobblestone":321,"christmasfestivity:santa_claus_block":3,"byg:overgrown_dacite":31,"christmasfestivity:christmas_tree":2,"byg:scoria_cobblestone":4,"christmasfestivity:epiphany_stocking_purple":1,"minecraft:glass_pane":65,"minecraft:smooth_stone_slab":43,"christmasfestivity:garland":31,"christmasfestivity:christmas_bells":4,"minecraft:jukebox":1,"christmasfestivity:epiphany_stocking_cyan":1,"christmasfestivity:epiphany_stocking_lime":1,"christmasfestivity:disc_jinglebells":1},"minecraft:mined":{"minecraft:cobblestone":16,"byg:soapstone":9,"gobber2:gobber2_ore":1,"byg:scoria_stone":2,"minecraft:iron_ore":4,"minecraft:coal_ore":7,"minecraft:gravel":8,"minecraft:dirt":16,"byg:rocky_stone":14,"minecraft:stone":332,"minecraft:gold_ore":1},"minecraft:killed":{"minecraft:skeleton":1,"minecraft:zombie":1,"alexsmobs:fly":1},"minecraft:custom":{"minecraft:mob_kills":3,"minecraft:play_record":2,"minecraft:play_one_minute":136510,"minecraft:leave_game":2,"minecraft:time_since_death":136510,"minecraft:sleep_in_bed":1,"minecraft:climb_one_cm":1514,"minecraft:damage_taken":75,"minecraft:time_since_rest":29467,"minecraft:waystone_activated":1,"minecraft:sprint_one_cm":166142,"minecraft:walk_one_cm":365762,"minecraft:drop":27,"minecraft:damage_dealt":583,"minecraft:swim_one_cm":3734,"minecraft:fly_one_cm":781807,"minecraft:open_chest":1,"minecraft:crouch_one_cm":12516,"tombstone:undead_killed":2,"minecraft:sneak_time":6639,"minecraft:walk_under_water_one_cm":560,"minecraft:jump":1469,"minecraft:walk_on_water_one_cm":522,"minecraft:fall_one_cm":1005},"minecraft:dropped":{"minecraft:bread":64,"minecraft:iron_sword":1,"minecraft:stone_axe":1,"quark:root_item":2,"minecraft:cooked_beef":32,"minecraft:oak_log":2,"minecraft:coarse_dirt":4,"byg:pine_sapling":4,"gobber2:gobber2_hammer_nether":1,"byg:red_oak_sapling":1,"minecraft:stone_shovel":1,"curios:crown":1,"christmasfestivity:black_hat":1,"minecraft:rail":3,"minecraft:stick":13,"minecraft:dirt":7,"minecraft:shield":1,"minecraft:gunpowder":2,"infernalexp:luminous_fungus":1,"minecraft:oak_sapling":1,"minecraft:arrow":1,"minecraft:stone_pickaxe":1,"minecraft:spruce_sapling":17,"minecraft:bone":2,"minecraft:egg":1},"minecraft:picked_up":{"minecraft:coarse_dirt":4,"byg:soapstone":65,"minecraft:clay_ball":12,"minecraft:flint":9,"minecraft:enchanted_book":1,"christmasfestivity:black_hat":1,"minecraft:oak_log":2,"christmasfestivity:disc_jinglebells":1,"unusualend:music_disc_flying_ships":1,"minecraft:gunpowder":2,"infernalexp:luminous_fungus":1,"minecraft:dirt":32,"byg:winter_succulent":3,"christmasfestivity:garland_round":1,"byg:scoria_cobblestone":32,"minecraft:bone":4,"byg:red_oak_sapling":1,"minecraft:wheat_seeds":2,"minecraft:iron_ore":35,"quark:root_item":2,"minecraft:egg":1,"minecraft:stick":37,"minecraft:gravel":49,"minecraft:spruce_sapling":23,"minecraft:gold_ore":5,"alexsmobs:animal_dictionary":1,"byg:aspen_sapling":1,"byg:pine_sapling":20,"minecraft:arrow":1,"minecraft:rotten_flesh":2,"gobber2:gobber2_hammer_nether":1,"minecraft:coal":42,"alexsmobs:maggot":2,"minecraft:cobblestone":2841,"minecraft:oak_sapling":1,"byg:rocky_stone":100,"minecraft:rail":3}},"DataVersion":2586}