{"stats":{"minecraft:mined":{"minecraft:diamond_ore":3,"minecraft:redstone_ore":2,"gobber2:gobber2_ore":1,"minecraft:iron_ore":5,"quark:smooth_basalt":1,"byg:rocky_stone":14,"minecraft:stone":380,"minecraft:cobblestone":57,"byg:soapstone":21,"byg:scoria_stone":9,"quark:deepslate":152,"minecraft:coal_ore":12,"minecraft:gravel":25,"minecraft:dirt":16,"minecraft:gold_ore":1},"minecraft:killed_by":{"mowziesmobs:ferrous_wroughtnaut":1},"minecraft:custom":{"minecraft:mob_kills":13,"minecraft:open_barrel":1,"minecraft:leave_game":3,"minecraft:time_since_death":78358,"minecraft:climb_one_cm":8290,"minecraft:damage_resisted":519,"minecraft:sprint_one_cm":344955,"minecraft:walk_one_cm":729048,"minecraft:drop":101,"minecraft:damage_dealt_absorbed":6,"minecraft:deaths":1,"minecraft:sneak_time":14206,"minecraft:walk_under_water_one_cm":18097,"minecraft:boat_one_cm":41739,"minecraft:jump":3045,"minecraft:walk_on_water_one_cm":27230,"minecraft:interact_with_furnace":8,"tombstone:raider_killed":1,"minecraft:play_record":6,"minecraft:play_one_minute":312834,"minecraft:sleep_in_bed":4,"minecraft:time_since_rest":30159,"minecraft:waystone_activated":2,"minecraft:damage_taken":823,"minecraft:damage_absorbed":1368,"minecraft:damage_dealt":8688,"minecraft:player_kills":1,"minecraft:swim_one_cm":9141,"minecraft:fly_one_cm":2597507,"minecraft:open_chest":16,"minecraft:crouch_one_cm":21907,"tombstone:undead_killed":5,"minecraft:fall_one_cm":2395},"minecraft:dropped":{"minecraft:enchanted_book":5,"minecraft:iron_ingot":64,"minecraft:bread":64,"minecraft:iron_sword":1,"minecraft:wheat_seeds":65,"minecraft:cooked_beef":32,"minecraft:oak_log":2,"byg:pine_sapling":4,"minecraft:glass_bottle":1,"byg:red_oak_sapling":1,"minecraft:iron_helmet":1,"minecraft:cobblestone":63,"christmasfestivity:black_hat":1,"savageandravage:griefer_leggings":1,"minecraft:rail":3,"minecraft:emerald":1,"minecraft:stick":13,"minecraft:dirt":11,"tombstone:bag_of_seeds":1,"minecraft:torch":1,"infernalexp:luminous_fungus":1,"byg:soapstone":3,"tombstone:grave_dust":2,"minecraft:potion":4,"minecraft:iron_leggings":1,"iceandfire:ice_dragon_heart":1,"minecraft:sugar":2,"minecraft:spruce_sapling":17,"minecraft:gold_ingot":5,"minecraft:bone":8,"savageandravage:griefer_helmet":2,"minecraft:stone_axe":1,"alexsmobs:maggot":2,"quark:root_item":2,"minecraft:lever":1,"minecraft:coarse_dirt":4,"minecraft:wheat":1,"gobber2:gobber2_hammer_end":1,"minecraft:netherite_sword":1,"gobber2:gobber2_hammer_nether":1,"minecraft:stone_shovel":1,"curios:crown":1,"minecraft:rotten_flesh":1159,"gobber2:gobber2_excavator_end":1,"minecraft:iron_boots":1,"savageandravage:griefer_chestplate":1,"savageandravage:griefer_boots":1,"minecraft:shield":1,"minecraft:gunpowder":10,"gobber2:gobber2_ore":1,"alexsmobs:cockroach_wing_fragment":1,"minecraft:iron_chestplate":1,"minecraft:andesite":24,"minecraft:glowstone":1,"minecraft:oak_sapling":1,"gobber2:gobber2_glob":4,"minecraft:arrow":1,"enderlinginvaders:watchling_eye":1,"minecraft:stone_pickaxe":1,"minecraft:egg":1},"minecraft:picked_up":{"minecraft:crafting_table":1,"minecraft:iron_chestplate":2,"minecraft:coarse_dirt":4,"byg:soapstone":154,"minecraft:ladder":1,"minecraft:clay_ball":12,"iceandfire:copper_ore":1,"minecraft:lead":1,"minecraft:enchanted_book":13,"iceandfire:frozen_grass":1,"byg:brown_oak_sapling":1,"iceandfire:frozen_splinters":3,"byg:winter_succulent":3,"minecraft:iron_leggings":2,"byg:zelkova_log":4,"minecraft:ender_eye":1,"minecraft:enchanted_golden_apple":6,"quark:root_item":6,"iceandfire:frozen_gravel":2,"minecraft:sugar_cane":4,"minecraft:iron_boots":1,"iceandfire:ice_dragon_heart":1,"minecraft:egg":12,"byg:zelkova_sapling":7,"minecraft:stick":66,"iceandfire:dragonbone":10,"minecraft:torch":19,"minecraft:porkchop":6,"iceandfire:rotten_egg":2,"tombstone:grave_dust":4,"minecraft:diorite":64,"savageandravage:griefer_helmet":1,"minecraft:redstone":111,"byg:cattail":1,"alexsmobs:centipede_leg":1,"byg:aspen_sapling":2,"iceandfire:dragon_skull_ice":1,"byg:pine_sapling":41,"minecraft:arrow":6,"minecraft:rotten_flesh":1121,"quark:smooth_basalt":9,"minecraft:saddle":1,"minecraft:gold_ingot":28,"minecraft:rail":19,"minecraft:mutton":2,"byg:rocky_stone":146,"minecraft:iron_bars":17,"minecraft:white_wool":1,"minecraft:cobblestone":4072,"enderlinginvaders:skull_of_ender":1,"minecraft:andesite":24,"minecraft:jungle_log":1,"gobber2:gobber2_hammer_end":1,"enderlinginvaders:hypno_bulb":1,"minecraft:flint":11,"christmasfestivity:black_hat":1,"minecraft:oak_log":2,"christmasfestivity:disc_jinglebells":1,"unusualend:music_disc_flying_ships":1,"minecraft:gunpowder":14,"gobber2:gobber2_ore":13,"infernalexp:luminous_fungus":1,"minecraft:dirt":55,"christmasfestivity:disc_marrychristmas":3,"christmasfestivity:garland_round":1,"minecraft:bone":14,"byg:scoria_cobblestone":89,"minecraft:stone_bricks":1,"byg:red_oak_sapling":1,"minecraft:wheat_seeds":78,"mowziesmobs:foliaath_seed":1,"byg:blueberries":3,"alexsmobs:cockroach_wing_fragment":4,"minecraft:iron_ingot":19,"minecraft:iron_ore":56,"tombstone:bag_of_seeds":1,"minecraft:glass_bottle":1,"gobber2:gobber2_excavator_end":1,"iceandfire:dragonscales_sapphire":17,"minecraft:gravel":150,"minecraft:spruce_sapling":41,"minecraft:ink_sac":4,"minecraft:gold_ore":5,"alexsmobs:animal_dictionary":1,"quark:cobbled_deepslate":1382,"minecraft:sugar":2,"enderlinginvaders:watchling_eye":1,"minecraft:diamond":35,"minecraft:lever":4,"iceandfire:dragon_ice":3,"minecraft:bone_meal":1,"minecraft:golden_apple":28,"iceandfire:ice_dragon_flesh":5,"minecraft:emerald":1,"gobber2:gobber2_hammer_nether":1,"alexsmobs:maggot":4,"minecraft:oak_sapling":4,"minecraft:wheat":3,"minecraft:coal":100,"minecraft:ender_pearl":16},"minecraft:killed":{"minecraft:witch":1,"minecraft:skeleton":2,"mowziesmobs:ferrous_wroughtnaut":1,"alexsmobs:centipede_head":1,"enderlinginvaders:endersent":1,"enderlinginvaders:hypno_bulb":1,"alexsmobs:endergrade":1,"minecraft:zombie":3,"iceandfire:ice_dragon":1,"alexsmobs:fly":1},"minecraft:crafted":{"gobber2:gobber2_glob":4,"minecraft:air":0,"minecraft:iron_ingot":64,"minecraft:gold_ingot":5},"minecraft:used":{"christmasfestivity:disc_jinglebells":1,"minecraft:oak_trapdoor":11,"minecraft:netherite_sword":27,"minecraft:iron_bars":39,"quark:cobbled_deepslate":12,"minecraft:flint_and_steel":4,"minecraft:armor_stand":2,"christmasfestivity:epiphany_stocking_black":1,"minecraft:ladder":17,"minecraft:polished_basalt":122,"christmasfestivity:epiphany_stocking_blue":1,"minecraft:spruce_planks":180,"minecraft:chest":18,"securitycraft:bucket_f_lava":10,"minecraft:stone":405,"minecraft:zombie_spawn_egg":2,"minecraft:wither_skeleton_spawn_egg":2,"gobber2:gobber2_sword_nether":2,"minecraft:dirt":13,"minecraft:stray_spawn_egg":5,"minecraft:skeleton_spawn_egg":1,"minecraft:brick_slab":23,"christmasfestivity:christmas_tree_star_topper_one":2,"minecraft:spruce_stairs":197,"minecraft:cobblestone_wall":6,"christmasfestivity:little_christmas_tree":5,"gobber2:gobber2_hammer_end":518,"christmasfestivity:christmas_square_red":6,"artifacts:mimic_spawn_egg":1,"christmasfestivity:epiphany_stocking_red":12,"minecraft:obsidian":40,"byg:zelkova_wood":16,"alexsmobs:spawn_egg_komodo_dragon":1,"alexsmobs:maggot":1,"minecraft:glass":43,"minecraft:bricks":133,"minecraft:villager_spawn_egg":8,"christmasfestivity:snowman_block_white":2,"minecraft:lantern":19,"minecraft:grass_block":1,"minecraft:oak_stairs":150,"minecraft:brick_stairs":50,"minecraft:spawner":24,"christmasfestivity:christmas_square_yellow":5,"champions:egg":19,"minecraft:dark_oak_leaves":5,"minecraft:stone_bricks":262,"minecraft:red_carpet":24,"minecraft:glowstone":34,"alexsmobs:spawn_egg_endergrade":1,"christmasfestivity:santa_claus_block":3,"minecraft:bow":9,"christmasfestivity:christmas_tree":2,"endergetic:poise_boat":1,"minecraft:drowned_spawn_egg":2,"minecraft:egg":142,"minecraft:pumpkin":8,"minecraft:enchanted_golden_apple":12,"christmasfestivity:christmas_bells":4,"christmasfestivity:garland":31,"byg:dacite":3,"christmasfestivity:christmas_ceiling_light_white":2,"christmasfestivity:garland_round":2,"unusualend:music_disc_flying_ships":1,"quark:deepslate":62,"minecraft:cobblestone_stairs":50,"enderlinginvaders:hypno_bulb":1,"minecraft:spruce_door":2,"christmasfestivity:christmas_tree_star_topper_two":3,"christmasfestivity:snowy_garland_angled":2,"minecraft:witch_spawn_egg":5,"minecraft:oak_planks":312,"gobber2:gobber2_hammer_nether":144,"christmasfestivity:christmas_square_lime":9,"minecraft:cauldron":1,"christmasfestivity:garland_angled":6,"byg:rocky_stone":6,"minecraft:cobblestone_slab":12,"minecraft:vindicator_spawn_egg":2,"infernalexp:basalt_stairs":4,"minecraft:tnt":7,"byg:zelkova_stairs":30,"minecraft:mossy_cobblestone":100,"minecraft:crafting_table":1,"christmasfestivity:sugar_block":11,"minecraft:vine":43,"minecraft:oak_slab":86,"christmasfestivity:christmas_present_white":1,"minecraft:red_bed":20,"christmasfestivity:christmas_square_purple":5,"christmasfestivity:epiphany_stocking_yellow":1,"quark:red_stool":2,"minecraft:campfire":4,"minecraft:painting":11,"minecraft:spruce_log":205,"gobber2:gobber2_excavator_end":41,"waystones:waystone":1,"savageandravage:cleaver_of_beheading":3,"minecraft:lever":4,"christmasfestivity:epiphany_stocking_green":1,"gobber2:gobber2_sword_end":51,"byg:blueberries":3,"byg:zelkova_log":8,"securitycraft:bucket_f_water":1,"byg:zelkova_planks":58,"minecraft:gravel":13,"minecraft:polished_andesite_slab":19,"enderlinginvaders:watchling_spawn_egg":1,"christmasfestivity:epiphany_stocking_brown":1,"minecraft:diamond_sword":44,"christmasfestivity:disc_marrychristmas":4,"minecraft:cobblestone":561,"byg:overgrown_dacite":31,"byg:scoria_cobblestone":4,"christmasfestivity:epiphany_stocking_purple":1,"minecraft:chain":6,"minecraft:glass_pane":65,"minecraft:smooth_stone_slab":43,"minecraft:husk_spawn_egg":5,"minecraft:oak_fence":46,"christmasfestivity:christmas_leaves":102,"minecraft:jukebox":3,"christmasfestivity:epiphany_stocking_lime":1,"christmasfestivity:epiphany_stocking_cyan":1}},"DataVersion":2586}