{"stats":{"minecraft:custom":{"minecraft:waystone_activated":1,"minecraft:open_chest":1,"minecraft:time_since_rest":32014,"minecraft:play_one_minute":32014,"minecraft:crouch_one_cm":450,"minecraft:sprint_one_cm":82582,"minecraft:walk_one_cm":20624,"minecraft:sneak_time":727,"minecraft:walk_under_water_one_cm":560,"minecraft:mob_kills":1,"minecraft:drop":9,"minecraft:jump":788,"minecraft:damage_dealt":119,"minecraft:leave_game":2,"minecraft:time_since_death":32014,"minecraft:walk_on_water_one_cm":522,"minecraft:climb_one_cm":1270,"minecraft:swim_one_cm":3734,"minecraft:fly_one_cm":334348},"minecraft:used":{"christmasfestivity:christmas_leaves":1,"savageandravage:cleaver_of_beheading":3,"alexsmobs:maggot":1,"christmasfestivity:christmas_tree":1,"minecraft:flint_and_steel":4,"christmasfestivity:snowman_block_white":2,"minecraft:dark_oak_leaves":5,"minecraft:obsidian":31,"waystones:waystone":1},"minecraft:killed":{"alexsmobs:fly":1},"minecraft:picked_up":{"alexsmobs:maggot":2,"infernalexp:luminous_fungus":1},"minecraft:dropped":{"minecraft:bread":64,"minecraft:iron_sword":1,"minecraft:stone_axe":1,"minecraft:shield":1,"minecraft:stone_pickaxe":1,"minecraft:cooked_beef":32,"infernalexp:luminous_fungus":1,"minecraft:stone_shovel":1,"curios:crown":1}},"DataVersion":2586}