{"stats":{"minecraft:used":{"byg:dacite":3,"christmasfestivity:christmas_leaves":1,"savageandravage:cleaver_of_beheading":3,"waystones:waystone":1,"alexsmobs:maggot":1,"minecraft:iron_bars":2,"minecraft:bricks":133,"minecraft:spruce_door":2,"minecraft:flint_and_steel":4,"minecraft:lantern":2,"minecraft:oak_stairs":150,"minecraft:brick_stairs":50,"christmasfestivity:snowman_block_white":2,"minecraft:oak_planks":296,"minecraft:polished_basalt":122,"minecraft:spruce_planks":160,"minecraft:dark_oak_leaves":5,"minecraft:polished_andesite_slab":19,"minecraft:stone_bricks":105,"minecraft:diamond_sword":2,"christmasfestivity:sugar_block":11,"minecraft:cobblestone":108,"minecraft:oak_slab":86,"infernalexp:basalt_stairs":4,"christmasfestivity:christmas_tree":1,"byg:overgrown_dacite":14,"minecraft:brick_slab":22,"minecraft:spruce_stairs":195,"minecraft:cobblestone_wall":6,"minecraft:glass_pane":63,"minecraft:smooth_stone_slab":43,"minecraft:campfire":2,"minecraft:spruce_log":196,"minecraft:oak_trapdoor":10,"minecraft:glass":41,"minecraft:obsidian":31,"minecraft:oak_fence":12},"minecraft:killed":{"alexsmobs:fly":1,"minecraft:skeleton":1},"minecraft:custom":{"minecraft:time_since_rest":94510,"minecraft:waystone_activated":1,"minecraft:sprint_one_cm":130721,"minecraft:walk_one_cm":206872,"minecraft:mob_kills":2,"minecraft:drop":10,"minecraft:damage_dealt":374,"minecraft:swim_one_cm":3734,"minecraft:fly_one_cm":605535,"minecraft:open_chest":1,"minecraft:play_one_minute":94510,"minecraft:crouch_one_cm":6983,"tombstone:undead_killed":1,"minecraft:sneak_time":4217,"minecraft:walk_under_water_one_cm":560,"minecraft:jump":1208,"minecraft:leave_game":2,"minecraft:walk_on_water_one_cm":522,"minecraft:time_since_death":94510,"minecraft:climb_one_cm":1270},"minecraft:dropped":{"minecraft:bread":64,"minecraft:iron_sword":1,"minecraft:stone_axe":1,"minecraft:shield":1,"minecraft:cooked_beef":32,"infernalexp:luminous_fungus":1,"byg:pine_sapling":1,"minecraft:stone_shovel":1,"curios:crown":1,"minecraft:stone_pickaxe":1},"minecraft:picked_up":{"minecraft:stick":10,"minecraft:spruce_sapling":3,"infernalexp:luminous_fungus":1,"byg:aspen_sapling":1,"byg:pine_sapling":3,"byg:winter_succulent":3,"minecraft:bone":2,"minecraft:wheat_seeds":1,"alexsmobs:maggot":2}},"DataVersion":2586}