{"stats":{"minecraft:used":{"christmasfestivity:disc_jinglebells":1,"christmasfestivity:epiphany_stocking_lime":1,"christmasfestivity:christmas_leaves":102,"minecraft:oak_trapdoor":10,"minecraft:oak_fence":20,"minecraft:iron_bars":2,"quark:cobbled_deepslate":12,"minecraft:flint_and_steel":4,"christmasfestivity:epiphany_stocking_black":1,"minecraft:ladder":9,"minecraft:polished_basalt":122,"christmasfestivity:epiphany_stocking_blue":1,"minecraft:spruce_planks":180,"minecraft:stone":70,"minecraft:dirt":12,"minecraft:brick_slab":23,"christmasfestivity:christmas_tree_star_topper_one":2,"minecraft:spruce_stairs":197,"minecraft:cobblestone_wall":6,"christmasfestivity:little_christmas_tree":5,"christmasfestivity:christmas_square_red":6,"gobber2:gobber2_hammer_end":484,"christmasfestivity:epiphany_stocking_red":12,"minecraft:obsidian":31,"minecraft:glass":43,"alexsmobs:maggot":1,"minecraft:bricks":133,"minecraft:lantern":10,"minecraft:brick_stairs":50,"minecraft:oak_stairs":150,"christmasfestivity:snowman_block_white":2,"minecraft:dark_oak_leaves":5,"christmasfestivity:christmas_square_yellow":5,"minecraft:stone_bricks":110,"christmasfestivity:santa_claus_block":3,"christmasfestivity:christmas_tree":2,"christmasfestivity:garland":31,"christmasfestivity:christmas_bells":4,"byg:dacite":3,"christmasfestivity:christmas_ceiling_light_white":2,"christmasfestivity:garland_round":2,"unusualend:music_disc_flying_ships":1,"quark:deepslate":51,"minecraft:spruce_door":2,"christmasfestivity:christmas_tree_star_topper_two":3,"christmasfestivity:snowy_garland_angled":2,"minecraft:oak_planks":312,"gobber2:gobber2_hammer_nether":144,"christmasfestivity:christmas_square_lime":9,"christmasfestivity:garland_angled":6,"byg:rocky_stone":4,"christmasfestivity:sugar_block":11,"infernalexp:basalt_stairs":4,"christmasfestivity:christmas_present_white":1,"minecraft:oak_slab":86,"minecraft:red_bed":13,"christmasfestivity:christmas_square_purple":5,"christmasfestivity:epiphany_stocking_yellow":1,"minecraft:campfire":4,"minecraft:painting":11,"minecraft:spruce_log":205,"gobber2:gobber2_excavator_end":41,"savageandravage:cleaver_of_beheading":3,"waystones:waystone":1,"christmasfestivity:epiphany_stocking_green":1,"minecraft:gravel":13,"minecraft:polished_andesite_slab":19,"christmasfestivity:epiphany_stocking_brown":1,"minecraft:diamond_sword":2,"minecraft:cobblestone":507,"byg:overgrown_dacite":31,"byg:scoria_cobblestone":4,"christmasfestivity:epiphany_stocking_purple":1,"minecraft:glass_pane":65,"minecraft:smooth_stone_slab":43,"minecraft:jukebox":1,"christmasfestivity:epiphany_stocking_cyan":1},"minecraft:mined":{"minecraft:diamond_ore":3,"minecraft:redstone_ore":2,"gobber2:gobber2_ore":1,"minecraft:iron_ore":5,"quark:smooth_basalt":1,"byg:rocky_stone":14,"minecraft:stone":380,"minecraft:cobblestone":23,"byg:soapstone":21,"byg:scoria_stone":9,"quark:deepslate":152,"minecraft:coal_ore":12,"minecraft:gravel":25,"minecraft:dirt":16,"minecraft:gold_ore":1},"minecraft:killed":{"minecraft:skeleton":1,"minecraft:zombie":1,"alexsmobs:fly":1},"minecraft:custom":{"minecraft:mob_kills":3,"minecraft:leave_game":2,"minecraft:time_since_death":148510,"minecraft:climb_one_cm":1514,"minecraft:sprint_one_cm":184823,"minecraft:walk_one_cm":419717,"minecraft:drop":29,"minecraft:sneak_time":7357,"minecraft:walk_under_water_one_cm":560,"minecraft:jump":1568,"minecraft:walk_on_water_one_cm":522,"minecraft:play_record":2,"minecraft:play_one_minute":148510,"minecraft:sleep_in_bed":1,"minecraft:time_since_rest":41467,"minecraft:waystone_activated":1,"minecraft:damage_taken":75,"minecraft:damage_dealt":583,"minecraft:fly_one_cm":836891,"minecraft:swim_one_cm":3734,"minecraft:open_chest":1,"minecraft:crouch_one_cm":15635,"tombstone:undead_killed":2,"minecraft:fall_one_cm":1005},"minecraft:dropped":{"minecraft:bread":64,"minecraft:iron_sword":1,"minecraft:cooked_beef":32,"minecraft:oak_log":2,"byg:pine_sapling":4,"byg:red_oak_sapling":1,"christmasfestivity:black_hat":1,"minecraft:rail":3,"minecraft:stick":13,"minecraft:dirt":7,"infernalexp:luminous_fungus":1,"minecraft:spruce_sapling":17,"minecraft:bone":2,"minecraft:stone_axe":1,"quark:root_item":2,"minecraft:coarse_dirt":4,"gobber2:gobber2_hammer_end":1,"gobber2:gobber2_hammer_nether":1,"minecraft:stone_shovel":1,"curios:crown":1,"gobber2:gobber2_excavator_end":1,"minecraft:shield":1,"minecraft:gunpowder":2,"minecraft:oak_sapling":1,"minecraft:arrow":1,"minecraft:stone_pickaxe":1,"minecraft:egg":1},"minecraft:picked_up":{"minecraft:coarse_dirt":4,"byg:soapstone":139,"minecraft:clay_ball":12,"iceandfire:copper_ore":1,"minecraft:enchanted_book":1,"byg:brown_oak_sapling":1,"byg:winter_succulent":3,"quark:root_item":5,"minecraft:sugar_cane":1,"minecraft:egg":10,"byg:zelkova_sapling":1,"minecraft:stick":63,"iceandfire:rotten_egg":2,"minecraft:redstone":111,"alexsmobs:centipede_leg":1,"byg:aspen_sapling":1,"byg:pine_sapling":37,"minecraft:arrow":4,"minecraft:rotten_flesh":9,"quark:smooth_basalt":9,"minecraft:mutton":2,"minecraft:white_wool":1,"byg:rocky_stone":135,"minecraft:rail":16,"minecraft:cobblestone":3405,"minecraft:jungle_log":1,"gobber2:gobber2_hammer_end":1,"christmasfestivity:black_hat":1,"minecraft:flint":11,"minecraft:oak_log":2,"christmasfestivity:disc_jinglebells":1,"unusualend:music_disc_flying_ships":1,"minecraft:gunpowder":2,"infernalexp:luminous_fungus":1,"gobber2:gobber2_ore":12,"minecraft:dirt":36,"christmasfestivity:garland_round":1,"minecraft:bone":8,"byg:scoria_cobblestone":76,"byg:red_oak_sapling":1,"minecraft:wheat_seeds":5,"mowziesmobs:foliaath_seed":1,"alexsmobs:cockroach_wing_fragment":3,"minecraft:iron_ore":56,"gobber2:gobber2_excavator_end":1,"minecraft:gravel":127,"minecraft:spruce_sapling":41,"minecraft:ink_sac":4,"minecraft:gold_ore":5,"alexsmobs:animal_dictionary":1,"quark:cobbled_deepslate":1327,"minecraft:diamond":14,"gobber2:gobber2_hammer_nether":1,"alexsmobs:maggot":2,"minecraft:oak_sapling":4,"minecraft:coal":73}},"DataVersion":2586}