{"stats":{"minecraft:used":{"waystones:waystone":1,"savageandravage:cleaver_of_beheading":3,"alexsmobs:maggot":1,"minecraft:flint_and_steel":4,"christmasfestivity:christmas_tree":1,"christmasfestivity:snowman_block_white":2,"minecraft:dark_oak_leaves":5,"minecraft:obsidian":31,"christmasfestivity:christmas_leaves":1},"minecraft:killed":{"alexsmobs:fly":1},"minecraft:custom":{"minecraft:time_since_rest":34510,"minecraft:open_chest":1,"minecraft:waystone_activated":1,"minecraft:crouch_one_cm":450,"minecraft:play_one_minute":34510,"minecraft:sprint_one_cm":88415,"minecraft:walk_one_cm":24314,"minecraft:sneak_time":732,"minecraft:walk_under_water_one_cm":560,"minecraft:mob_kills":1,"minecraft:drop":9,"minecraft:jump":857,"minecraft:damage_dealt":139,"minecraft:leave_game":2,"minecraft:time_since_death":34510,"minecraft:walk_on_water_one_cm":522,"minecraft:climb_one_cm":1270,"minecraft:swim_one_cm":3734,"minecraft:fly_one_cm":353562},"minecraft:dropped":{"minecraft:bread":64,"minecraft:iron_sword":1,"minecraft:stone_axe":1,"minecraft:shield":1,"minecraft:stone_pickaxe":1,"minecraft:cooked_beef":32,"infernalexp:luminous_fungus":1,"minecraft:stone_shovel":1,"curios:crown":1},"minecraft:picked_up":{"alexsmobs:maggot":2,"infernalexp:luminous_fungus":1}},"DataVersion":2586}