{"stats":{"minecraft:crafted":{"minecraft:oak_planks":88,"minecraft:crafting_table":1,"minecraft:bucket":1,"minecraft:bow":1,"minecraft:purple_dye":3,"minecraft:shield":2,"minecraft:stick":4,"minecraft:torch":8,"minecraft:magenta_dye":2},"minecraft:mined":{"minecraft:cobblestone":2,"minecraft:diorite":9,"farmersdelight:wild_onions":1,"byg:crocus":3,"byg:red_oak_leaves":1,"minecraft:iron_ore":1,"minecraft:andesite":4,"minecraft:grass":8,"minecraft:coal_ore":2,"minecraft:oak_log":22,"byg:rocky_stone":14,"minecraft:stone":118,"minecraft:oak_leaves":3,"quark:root":1},"minecraft:broken":{"minecraft:shield":1},"minecraft:killed_by":{"mowziesmobs:ferrous_wroughtnaut":4,"minecraft:zombie_villager":1,"mowziesmobs:foliaath":1},"minecraft:custom":{"minecraft:mob_kills":1,"minecraft:interact_with_crafting_table":5,"minecraft:play_one_minute":33920,"minecraft:leave_game":3,"minecraft:time_since_death":343,"minecraft:climb_one_cm":1070,"minecraft:time_since_rest":370,"minecraft:waystone_activated":1,"minecraft:sprint_one_cm":115480,"minecraft:damage_taken":2870,"minecraft:walk_one_cm":103344,"minecraft:damage_blocked_by_shield":675,"minecraft:drop":36,"minecraft:damage_dealt":559,"minecraft:swim_one_cm":2488,"minecraft:fly_one_cm":125123,"minecraft:crouch_one_cm":3119,"minecraft:deaths":6,"minecraft:sneak_time":1530,"minecraft:walk_under_water_one_cm":406,"minecraft:jump":643,"minecraft:walk_on_water_one_cm":5844,"minecraft:fall_one_cm":13598},"minecraft:used":{"minecraft:iron_ore":1,"minecraft:shield":1,"minecraft:torch":4,"farmersdelight:onion":2,"minecraft:crafting_table":1,"minecraft:iron_axe":9,"minecraft:bread":6,"minecraft:iron_pickaxe":150,"minecraft:cobblestone":22,"minecraft:bow":8,"minecraft:bucket":1},"minecraft:killed":{"minecraft:zombie":1},"minecraft:picked_up":{"minecraft:iron_chestplate":3,"minecraft:crafting_table":2,"minecraft:allium":2,"minecraft:purple_dye":3,"minecraft:cooked_beef":10,"minecraft:water_bucket":4,"minecraft:andesite":3,"minecraft:oak_log":29,"minecraft:shield":3,"byg:crocus":3,"minecraft:string":4,"minecraft:dirt":22,"minecraft:iron_axe":4,"minecraft:iron_leggings":4,"minecraft:bone":7,"minecraft:wheat_seeds":1,"minecraft:iron_ingot":186,"minecraft:iron_ore":1,"minecraft:iron_pickaxe":2,"minecraft:bamboo":8,"minecraft:sugar_cane":9,"minecraft:iron_sword":2,"minecraft:oak_planks":12,"minecraft:iron_boots":4,"minecraft:furnace":4,"minecraft:stick":10,"minecraft:torch":26,"minecraft:diorite":8,"alexsmobs:animal_dictionary":1,"minecraft:arrow":16,"minecraft:rotten_flesh":2,"minecraft:stone_axe":1,"farmersdelight:onion":1,"minecraft:iron_helmet":3,"minecraft:bread":102,"minecraft:gold_ingot":16,"minecraft:coal":70,"byg:rocky_stone":13,"minecraft:cobblestone":198},"minecraft:dropped":{"minecraft:iron_ingot":128,"minecraft:water_bucket":1,"minecraft:bread":40,"minecraft:iron_sword":1,"minecraft:stone_axe":1,"minecraft:wheat_seeds":1,"minecraft:cooked_beef":10,"alexsmobs:animal_dictionary":1,"minecraft:rotten_flesh":2,"minecraft:oak_planks":10,"minecraft:iron_boots":2,"minecraft:coal":64,"minecraft:shield":1,"minecraft:torch":16,"minecraft:iron_chestplate":2,"minecraft:iron_leggings":2,"minecraft:bamboo":8,"minecraft:iron_axe":1,"minecraft:magenta_dye":2,"minecraft:string":1}},"DataVersion":2586}