{"stats":{"minecraft:used":{"minecraft:iron_ore":1,"minecraft:stone_pickaxe":14,"minecraft:wooden_pickaxe":50,"minecraft:shield":1,"minecraft:salmon":2,"minecraft:torch":5,"farmersdelight:onion":9,"minecraft:dirt":15,"minecraft:crafting_table":5,"minecraft:iron_axe":9,"minecraft:bread":6,"minecraft:iron_pickaxe":150,"minecraft:gravel":1,"minecraft:stone_axe":20,"minecraft:cobblestone":28,"minecraft:bow":8,"minecraft:cooked_porkchop":4,"minecraft:furnace":1,"minecraft:bucket":1,"minecraft:egg":1,"minecraft:coarse_dirt":1},"minecraft:mined":{"byg:dacite":4,"minecraft:crafting_table":4,"minecraft:cobblestone":2,"minecraft:spruce_leaves":14,"minecraft:sugar_cane":1,"minecraft:diorite":9,"farmersdelight:wild_onions":4,"minecraft:coarse_dirt":1,"byg:crocus":3,"byg:red_oak_leaves":2,"minecraft:furnace":1,"minecraft:iron_ore":1,"minecraft:spruce_log":9,"byg:short_grass":4,"minecraft:andesite":4,"minecraft:grass":22,"minecraft:oak_log":22,"minecraft:coal_ore":26,"minecraft:gravel":1,"byg:rocky_stone":14,"minecraft:stone":144,"minecraft:oak_leaves":3,"quark:root":1},"minecraft:killed_by":{"mowziesmobs:ferrous_wroughtnaut":4,"minecraft:zombie_villager":1,"minecraft:zombie":1,"mowziesmobs:foliaath":1},"minecraft:killed":{"minecraft:pig":2,"alexsmobs:grizzly_bear":1,"minecraft:salmon":2,"minecraft:zombie":1},"minecraft:custom":{"minecraft:mob_kills":5,"minecraft:interact_with_crafting_table":13,"minecraft:play_one_minute":63551,"minecraft:leave_game":6,"minecraft:time_since_death":28274,"minecraft:climb_one_cm":2792,"minecraft:time_since_rest":25875,"minecraft:waystone_activated":1,"minecraft:sprint_one_cm":182504,"minecraft:damage_taken":3489,"minecraft:walk_one_cm":172154,"minecraft:damage_blocked_by_shield":675,"minecraft:drop":47,"minecraft:damage_dealt":1499,"minecraft:swim_one_cm":18659,"minecraft:fly_one_cm":195756,"minecraft:open_chest":3,"minecraft:crouch_one_cm":6447,"minecraft:deaths":7,"minecraft:sneak_time":3996,"minecraft:walk_under_water_one_cm":4246,"minecraft:jump":1066,"minecraft:walk_on_water_one_cm":14353,"minecraft:fall_one_cm":24230,"minecraft:interact_with_furnace":4},"minecraft:dropped":{"minecraft:water_bucket":1,"minecraft:iron_ingot":128,"minecraft:bread":40,"minecraft:iron_sword":1,"minecraft:stone_axe":1,"minecraft:wheat_seeds":7,"minecraft:cooked_beef":10,"alexsmobs:animal_dictionary":1,"minecraft:iron_helmet":2,"minecraft:rotten_flesh":2,"minecraft:oak_planks":10,"minecraft:iron_boots":3,"minecraft:coal":64,"minecraft:shield":1,"minecraft:torch":16,"minecraft:iron_chestplate":3,"minecraft:iron_leggings":3,"minecraft:bamboo":8,"minecraft:iron_axe":1,"minecraft:magenta_dye":2,"minecraft:string":1},"minecraft:broken":{"minecraft:shield":1,"minecraft:wooden_pickaxe":1},"minecraft:crafted":{"minecraft:oak_planks":88,"minecraft:cooked_porkchop":4,"minecraft:crafting_table":2,"minecraft:spruce_planks":36,"minecraft:wooden_pickaxe":1,"minecraft:furnace":1,"minecraft:bucket":1,"minecraft:stone_axe":1,"minecraft:iron_chestplate":1,"minecraft:bow":1,"minecraft:purple_dye":3,"minecraft:shield":2,"minecraft:stick":20,"minecraft:iron_ingot":9,"minecraft:stone_pickaxe":1,"minecraft:torch":16,"minecraft:magenta_dye":6},"minecraft:picked_up":{"minecraft:coarse_dirt":1,"minecraft:crafting_table":6,"minecraft:iron_chestplate":4,"minecraft:purple_dye":3,"minecraft:allium":6,"minecraft:cooked_beef":10,"minecraft:salmon":2,"minecraft:water_bucket":4,"minecraft:andesite":3,"alexsmobs:bear_fur":1,"minecraft:oak_log":29,"minecraft:shield":4,"byg:dacite_cobblestone":4,"byg:crocus":3,"minecraft:dirt":37,"minecraft:string":4,"minecraft:iron_axe":4,"minecraft:iron_leggings":5,"minecraft:bone":9,"minecraft:wheat_seeds":7,"minecraft:iron_ingot":186,"quark:tallow":5,"minecraft:iron_ore":1,"minecraft:iron_pickaxe":2,"minecraft:bamboo":8,"minecraft:sugar_cane":10,"minecraft:iron_sword":2,"minecraft:oak_planks":12,"minecraft:egg":1,"minecraft:iron_boots":5,"minecraft:furnace":5,"minecraft:stick":10,"minecraft:torch":26,"minecraft:gravel":1,"minecraft:porkchop":3,"minecraft:diorite":8,"minecraft:spruce_log":9,"alexsmobs:animal_dictionary":1,"minecraft:arrow":18,"minecraft:rotten_flesh":2,"minecraft:stone_axe":1,"farmersdelight:onion":4,"minecraft:iron_helmet":5,"minecraft:iron_block":1,"minecraft:bread":102,"minecraft:gold_ingot":16,"minecraft:coal":102,"byg:rocky_stone":13,"minecraft:cobblestone":224}},"DataVersion":2586}