{"stats":{"minecraft:used":{"minecraft:iron_ore":1,"minecraft:stone_pickaxe":11,"minecraft:wooden_pickaxe":50,"minecraft:shield":1,"minecraft:torch":4,"farmersdelight:onion":2,"minecraft:dirt":3,"minecraft:crafting_table":3,"minecraft:iron_axe":9,"minecraft:bread":6,"minecraft:iron_pickaxe":150,"minecraft:stone_axe":1,"minecraft:cobblestone":25,"minecraft:bow":8,"minecraft:cooked_porkchop":2,"minecraft:furnace":1,"minecraft:bucket":1,"minecraft:egg":1,"minecraft:coarse_dirt":1},"minecraft:mined":{"byg:dacite":4,"minecraft:crafting_table":2,"minecraft:cobblestone":2,"minecraft:spruce_leaves":14,"minecraft:diorite":9,"farmersdelight:wild_onions":4,"minecraft:coarse_dirt":1,"byg:crocus":3,"byg:red_oak_leaves":2,"minecraft:furnace":1,"minecraft:iron_ore":1,"minecraft:spruce_log":9,"minecraft:andesite":4,"minecraft:grass":13,"minecraft:oak_log":22,"minecraft:coal_ore":23,"byg:rocky_stone":14,"minecraft:stone":144,"minecraft:oak_leaves":3,"quark:root":1},"minecraft:killed_by":{"mowziesmobs:ferrous_wroughtnaut":4,"minecraft:zombie_villager":1,"minecraft:zombie":1,"mowziesmobs:foliaath":1},"minecraft:killed":{"minecraft:pig":2,"minecraft:zombie":1},"minecraft:custom":{"minecraft:mob_kills":3,"minecraft:interact_with_crafting_table":11,"minecraft:play_one_minute":51551,"minecraft:leave_game":6,"minecraft:time_since_death":16274,"minecraft:climb_one_cm":1166,"minecraft:time_since_rest":13875,"minecraft:waystone_activated":1,"minecraft:sprint_one_cm":153929,"minecraft:damage_taken":3305,"minecraft:walk_one_cm":141576,"minecraft:damage_blocked_by_shield":675,"minecraft:drop":37,"minecraft:damage_dealt":801,"minecraft:swim_one_cm":3250,"minecraft:fly_one_cm":166898,"minecraft:open_chest":3,"minecraft:crouch_one_cm":6061,"minecraft:deaths":7,"minecraft:sneak_time":3896,"minecraft:walk_under_water_one_cm":660,"minecraft:jump":882,"minecraft:walk_on_water_one_cm":7961,"minecraft:fall_one_cm":21616,"minecraft:interact_with_furnace":2},"minecraft:dropped":{"minecraft:water_bucket":1,"minecraft:iron_ingot":128,"minecraft:bread":40,"minecraft:iron_sword":1,"minecraft:stone_axe":1,"minecraft:wheat_seeds":2,"minecraft:cooked_beef":10,"alexsmobs:animal_dictionary":1,"minecraft:rotten_flesh":2,"minecraft:oak_planks":10,"minecraft:iron_boots":2,"minecraft:coal":64,"minecraft:shield":1,"minecraft:torch":16,"minecraft:iron_chestplate":2,"minecraft:iron_leggings":2,"minecraft:bamboo":8,"minecraft:iron_axe":1,"minecraft:magenta_dye":2,"minecraft:string":1},"minecraft:broken":{"minecraft:shield":1,"minecraft:wooden_pickaxe":1},"minecraft:crafted":{"minecraft:oak_planks":88,"minecraft:cooked_porkchop":3,"minecraft:crafting_table":2,"minecraft:spruce_planks":36,"minecraft:wooden_pickaxe":1,"minecraft:furnace":1,"minecraft:bucket":1,"minecraft:stone_axe":1,"minecraft:bow":1,"minecraft:purple_dye":3,"minecraft:shield":2,"minecraft:stick":20,"minecraft:stone_pickaxe":1,"minecraft:torch":8,"minecraft:magenta_dye":6},"minecraft:picked_up":{"minecraft:coarse_dirt":1,"minecraft:crafting_table":4,"minecraft:iron_chestplate":3,"minecraft:purple_dye":3,"minecraft:allium":6,"minecraft:cooked_beef":10,"minecraft:water_bucket":4,"minecraft:andesite":3,"minecraft:oak_log":29,"minecraft:shield":3,"byg:dacite_cobblestone":4,"byg:crocus":3,"minecraft:dirt":37,"minecraft:string":4,"minecraft:iron_axe":4,"minecraft:iron_leggings":4,"minecraft:bone":9,"minecraft:wheat_seeds":2,"minecraft:iron_ingot":186,"quark:tallow":5,"minecraft:iron_ore":1,"minecraft:iron_pickaxe":2,"minecraft:bamboo":8,"minecraft:sugar_cane":9,"minecraft:iron_sword":2,"minecraft:oak_planks":12,"minecraft:egg":1,"minecraft:iron_boots":4,"minecraft:furnace":5,"minecraft:stick":10,"minecraft:torch":26,"minecraft:porkchop":3,"minecraft:diorite":8,"minecraft:spruce_log":9,"alexsmobs:animal_dictionary":1,"minecraft:arrow":18,"minecraft:rotten_flesh":2,"minecraft:stone_axe":1,"farmersdelight:onion":4,"minecraft:iron_helmet":3,"minecraft:bread":102,"minecraft:gold_ingot":16,"minecraft:coal":99,"byg:rocky_stone":13,"minecraft:cobblestone":224}},"DataVersion":2586}