{"stats":{"minecraft:used":{"iceandfire:silver_sword":34,"byg:cattail":1,"minecraft:shield":104,"minecraft:iron_sword":27,"minecraft:cooked_chicken":1,"minecraft:torch":7,"minecraft:dirt":17,"minecraft:jungle_planks":2,"minecraft:spruce_stairs":1,"minecraft:iron_axe":58,"minecraft:bow":8,"minecraft:furnace":3,"byg:dacite_cobblestone":4,"tombstone:gift":5,"minecraft:egg":1,"minecraft:cooked_beef":12,"minecraft:cooked_mutton":2,"minecraft:water_bucket":1,"minecraft:iron_ore":1,"minecraft:birch_planks":2,"minecraft:stone_pickaxe":17,"minecraft:oak_planks":5,"farmersdelight:golden_knife":1,"minecraft:wooden_pickaxe":50,"tombstone:scroll_of_true_sight":1,"minecraft:salmon":2,"farmersdelight:onion":9,"minecraft:crafting_table":7,"byg:blueberries":10,"minecraft:iron_pickaxe":183,"minecraft:bread":7,"minecraft:spruce_sapling":1,"minecraft:gravel":1,"minecraft:stone_axe":111,"minecraft:cobblestone":39,"minecraft:cooked_porkchop":4,"minecraft:bucket":2,"minecraft:coarse_dirt":1},"minecraft:killed":{"minecraft:skeleton":10,"minecraft:chicken":1,"minecraft:silverfish":1,"mowziesmobs:foliaath":1,"minecraft:pig":7,"alexsmobs:grizzly_bear":1,"minecraft:salmon":2,"minecraft:sheep":4,"minecraft:zombie":7,"iceandfire:ghost":1,"alexsmobs:fly":1,"alexsmobs:crow":1,"minecraft:cow":8},"minecraft:mined":{"byg:cattail":1,"minecraft:grass_block":2,"minecraft:jungle_planks":3,"minecraft:spruce_leaves":17,"farmersdelight:wild_onions":4,"byg:crocus":3,"byg:red_oak_leaves":2,"minecraft:furnace":3,"minecraft:iron_ore":1,"minecraft:andesite":4,"minecraft:gold_block":1,"iceandfire:gold_pile":10,"minecraft:vine":2,"byg:rocky_stone":14,"minecraft:stone":160,"byg:dacite":4,"minecraft:crafting_table":6,"byg:yellow_birch_leaves":2,"minecraft:tall_grass":2,"minecraft:cobblestone":7,"minecraft:sugar_cane":1,"minecraft:oak_planks":3,"minecraft:diorite":9,"minecraft:coarse_dirt":1,"minecraft:spruce_log":9,"byg:short_grass":7,"minecraft:grass":40,"minecraft:oak_log":22,"minecraft:coal_ore":26,"minecraft:gravel":1,"minecraft:dirt":1,"byg:blueberry_bush":12,"minecraft:oak_leaves":5,"quark:root":1},"minecraft:dropped":{"minecraft:water_bucket":1,"minecraft:bread":40,"minecraft:iron_ingot":128,"minecraft:iron_sword":3,"alexsmobs:shark_tooth_arrow":1,"minecraft:porkchop":9,"minecraft:wheat_seeds":11,"minecraft:cooked_beef":12,"minecraft:iron_helmet":2,"minecraft:coal":64,"minecraft:golden_carrot":10,"minecraft:torch":16,"tombstone:grave_dust":7,"minecraft:iron_leggings":4,"minecraft:wither_rose":1,"iceandfire:stymphalian_arrow":1,"minecraft:iron_axe":1,"minecraft:iron_pickaxe":1,"artifacts:feral_claws":2,"minecraft:string":1,"minecraft:stone_axe":3,"alexsmobs:maggot":2,"minecraft:sugar_cane":2,"minecraft:golden_chestplate":1,"alexsmobs:animal_dictionary":1,"minecraft:obsidian":4,"minecraft:rotten_flesh":5,"minecraft:oak_planks":10,"minecraft:iron_boots":5,"minecraft:shield":1,"minecraft:iron_chestplate":3,"minecraft:leather_boots":2,"minecraft:bamboo":8,"minecraft:bow":1,"minecraft:magenta_dye":2,"minecraft:stone_pickaxe":2},"minecraft:killed_by":{"minecraft:zombie_villager":1,"mowziesmobs:ferrous_wroughtnaut":8,"minecraft:zombie":1,"iceandfire:ghost":2,"mowziesmobs:foliaath":1,"iceandfire:fire_dragon":2},"minecraft:crafted":{"minecraft:purple_wool":3,"minecraft:oak_planks":88,"minecraft:leather_boots":1,"minecraft:cooked_chicken":1,"minecraft:furnace":1,"minecraft:cooked_mutton":1,"minecraft:bow":1,"tombstone:grave_key":1,"minecraft:stone_pickaxe":1,"minecraft:magenta_dye":6,"minecraft:cooked_beef":14,"minecraft:cooked_porkchop":4,"minecraft:crafting_table":2,"minecraft:spruce_planks":36,"minecraft:wooden_pickaxe":1,"minecraft:bucket":1,"minecraft:stone_axe":1,"minecraft:iron_chestplate":1,"minecraft:purple_dye":3,"minecraft:shield":3,"minecraft:stick":20,"minecraft:iron_ingot":9,"minecraft:gold_ingot":9,"minecraft:torch":16},"minecraft:picked_up":{"minecraft:crafting_table":8,"minecraft:iron_chestplate":4,"minecraft:coarse_dirt":1,"minecraft:allium":6,"minecraft:chicken":1,"minecraft:potion":1,"minecraft:wither_rose":1,"minecraft:gold_block":1,"minecraft:enchanted_book":2,"minecraft:shield":4,"byg:crocus":3,"minecraft:string":4,"minecraft:iron_axe":4,"artifacts:feral_claws":1,"minecraft:iron_leggings":5,"minecraft:beef":14,"minecraft:iron_pickaxe":3,"minecraft:sugar_cane":11,"minecraft:furnace":7,"minecraft:iron_boots":6,"minecraft:egg":1,"minecraft:stick":10,"minecraft:torch":26,"alexsmobs:shark_tooth_arrow":1,"minecraft:spruce_stairs":1,"minecraft:porkchop":21,"tombstone:grave_dust":5,"minecraft:diorite":8,"byg:cattail":1,"minecraft:arrow":40,"minecraft:rotten_flesh":9,"farmersdelight:onion":4,"minecraft:iron_block":1,"minecraft:saddle":1,"minecraft:gold_ingot":18,"minecraft:obsidian":4,"minecraft:mutton":6,"byg:rocky_stone":13,"minecraft:white_wool":5,"minecraft:cobblestone":229,"minecraft:purple_dye":3,"minecraft:feather":2,"minecraft:cooked_beef":10,"minecraft:golden_carrot":10,"minecraft:water_bucket":4,"minecraft:andesite":3,"minecraft:salmon":2,"minecraft:leather":8,"minecraft:filled_map":1,"minecraft:birch_planks":2,"alexsmobs:bear_fur":1,"minecraft:oak_log":29,"byg:dacite_cobblestone":4,"minecraft:dirt":39,"tombstone:gift":1,"minecraft:leather_boots":1,"minecraft:cooked_mutton":1,"minecraft:bone":25,"minecraft:bow":1,"minecraft:wheat_seeds":11,"byg:blueberries":28,"minecraft:stone_pickaxe":1,"minecraft:iron_ingot":186,"quark:tallow":14,"minecraft:iron_ore":1,"minecraft:bamboo":8,"minecraft:iron_sword":4,"minecraft:oak_planks":17,"minecraft:gravel":1,"minecraft:jungle_planks":3,"minecraft:spruce_sapling":1,"minecraft:spruce_log":9,"alexsmobs:animal_dictionary":1,"iceandfire:stymphalian_arrow":1,"minecraft:lever":1,"minecraft:stone_axe":2,"minecraft:iron_helmet":6,"minecraft:bread":102,"alexsmobs:maggot":2,"minecraft:coal":123},"minecraft:custom":{"minecraft:mob_kills":46,"minecraft:interact_with_crafting_table":16,"minecraft:damage_dealt_resisted":132,"minecraft:leave_game":8,"minecraft:time_since_death":1723,"minecraft:climb_one_cm":7638,"minecraft:sprint_one_cm":422387,"minecraft:walk_one_cm":351734,"minecraft:damage_blocked_by_shield":2628,"minecraft:drop":82,"minecraft:sneak_time":4329,"minecraft:deaths":16,"minecraft:walk_under_water_one_cm":13105,"minecraft:jump":2883,"minecraft:walk_on_water_one_cm":43734,"minecraft:interact_with_furnace":13,"minecraft:play_one_minute":139300,"minecraft:time_since_rest":655,"minecraft:waystone_activated":2,"minecraft:damage_taken":7130,"minecraft:trigger_trapped_chest":1,"minecraft:damage_dealt":7615,"tombstone:cast_on_ally":3,"minecraft:swim_one_cm":58627,"minecraft:fly_one_cm":635374,"minecraft:open_chest":27,"minecraft:crouch_one_cm":7391,"tombstone:undead_killed":17,"minecraft:fall_one_cm":65298,"minecraft:horse_one_cm":25463},"minecraft:broken":{"minecraft:wooden_pickaxe":1,"minecraft:shield":2,"minecraft:iron_helmet":1}},"DataVersion":2586}