{"stats":{"minecraft:used":{"iceandfire:silver_sword":34,"byg:cattail":1,"minecraft:chest":1,"minecraft:shield":108,"minecraft:iron_sword":46,"minecraft:cooked_chicken":1,"minecraft:torch":17,"minecraft:dirt":17,"minecraft:jungle_planks":2,"minecraft:spruce_stairs":1,"minecraft:iron_axe":58,"minecraft:golden_carrot":2,"minecraft:bow":41,"minecraft:furnace":4,"byg:dacite_cobblestone":4,"tombstone:gift":11,"minecraft:egg":1,"minecraft:cooked_beef":12,"minecraft:enchanted_golden_apple":7,"minecraft:cooked_mutton":2,"minecraft:water_bucket":1,"minecraft:iron_ore":2,"minecraft:birch_planks":2,"minecraft:stone_pickaxe":17,"minecraft:oak_planks":5,"farmersdelight:golden_knife":32,"minecraft:wooden_pickaxe":50,"tombstone:scroll_of_true_sight":1,"minecraft:salmon":2,"minecraft:golden_apple":7,"minecraft:mossy_cobblestone":1,"farmersdelight:onion":9,"minecraft:crafting_table":8,"mowziesmobs:wrought_axe":88,"byg:blueberries":10,"minecraft:iron_pickaxe":324,"minecraft:bread":7,"tombstone:magic_scroll":1,"minecraft:spruce_sapling":1,"minecraft:gravel":1,"minecraft:stone_axe":111,"minecraft:potion":1,"minecraft:cobblestone":71,"minecraft:cooked_porkchop":4,"minecraft:bucket":2,"minecraft:coarse_dirt":1},"minecraft:killed":{"minecraft:witch":4,"minecraft:spider":2,"minecraft:skeleton":11,"minecraft:chicken":1,"minecraft:silverfish":1,"mowziesmobs:foliaath":1,"enderlinginvaders:watchling":2,"minecraft:husk":2,"minecraft:pig":7,"alexsmobs:grizzly_bear":1,"minecraft:salmon":2,"minecraft:sheep":4,"minecraft:zombie":9,"iceandfire:ghost":1,"minecraft:stray":3,"alexsmobs:fly":1,"alexsmobs:crow":1,"minecraft:cow":8},"minecraft:mined":{"minecraft:mossy_cobblestone":1,"byg:cattail":1,"minecraft:grass_block":2,"minecraft:jungle_planks":3,"minecraft:spruce_leaves":17,"minecraft:spawner":3,"farmersdelight:wild_onions":4,"byg:crocus":3,"byg:red_oak_leaves":2,"minecraft:furnace":3,"minecraft:iron_ore":1,"minecraft:andesite":4,"quark:smooth_basalt":1,"minecraft:gold_block":1,"iceandfire:gold_pile":10,"minecraft:vine":2,"byg:rocky_stone":14,"minecraft:stone":272,"byg:dacite":4,"minecraft:crafting_table":7,"byg:yellow_birch_leaves":2,"minecraft:chest":1,"minecraft:tall_grass":2,"minecraft:cobblestone":28,"minecraft:sugar_cane":1,"minecraft:oak_planks":3,"minecraft:diorite":9,"minecraft:wall_torch":1,"minecraft:coarse_dirt":1,"minecraft:spruce_log":9,"byg:short_grass":7,"quark:deepslate":1,"minecraft:tnt":1,"minecraft:grass":40,"minecraft:oak_log":22,"minecraft:coal_ore":26,"minecraft:gravel":1,"minecraft:dirt":2,"byg:blueberry_bush":12,"minecraft:oak_leaves":5,"quark:root":1},"minecraft:dropped":{"minecraft:enchanted_book":2,"minecraft:water_bucket":1,"minecraft:bread":40,"minecraft:iron_ingot":128,"minecraft:iron_sword":3,"alexsmobs:shark_tooth_arrow":1,"minecraft:porkchop":9,"minecraft:wheat_seeds":11,"minecraft:cooked_beef":12,"minecraft:glass_bottle":4,"minecraft:iron_helmet":3,"minecraft:coal":64,"minecraft:emerald":1,"minecraft:dirt":2,"minecraft:golden_carrot":10,"minecraft:torch":17,"tombstone:grave_dust":19,"minecraft:iron_leggings":4,"minecraft:wither_rose":1,"iceandfire:stymphalian_arrow":1,"minecraft:iron_axe":1,"minecraft:sugar":5,"minecraft:iron_pickaxe":1,"artifacts:feral_claws":2,"minecraft:string":3,"minecraft:stone_axe":3,"alexsmobs:maggot":2,"minecraft:sugar_cane":2,"minecraft:lever":1,"minecraft:golden_chestplate":1,"alexsmobs:animal_dictionary":1,"minecraft:obsidian":4,"minecraft:rotten_flesh":11,"minecraft:oak_planks":10,"minecraft:iron_boots":5,"minecraft:enchanted_golden_apple":2,"quark:smooth_basalt":2,"minecraft:shield":1,"minecraft:ladder":3,"minecraft:iron_chestplate":3,"minecraft:glowstone":1,"minecraft:leather_boots":2,"minecraft:spider_eye":5,"minecraft:bamboo":8,"minecraft:arrow":7,"minecraft:bow":1,"minecraft:magenta_dye":2,"minecraft:stone_pickaxe":2},"minecraft:killed_by":{"minecraft:zombie_villager":1,"mowziesmobs:ferrous_wroughtnaut":27,"minecraft:zombie":1,"enderlinginvaders:necrosent":3,"iceandfire:ghost":2,"mowziesmobs:foliaath":1,"iceandfire:fire_dragon":2},"minecraft:crafted":{"minecraft:purple_wool":3,"minecraft:oak_planks":88,"minecraft:leather_boots":1,"minecraft:purple_bed":1,"minecraft:cooked_chicken":1,"minecraft:furnace":1,"minecraft:cooked_mutton":1,"minecraft:bow":1,"tombstone:grave_key":2,"minecraft:stone_pickaxe":1,"minecraft:magenta_dye":6,"minecraft:cooked_beef":14,"minecraft:cooked_porkchop":7,"minecraft:crafting_table":2,"minecraft:spruce_planks":36,"minecraft:wooden_pickaxe":1,"minecraft:bucket":1,"minecraft:stone_axe":1,"minecraft:iron_chestplate":1,"minecraft:purple_dye":3,"minecraft:shield":4,"minecraft:stick":20,"minecraft:iron_ingot":9,"minecraft:gold_ingot":9,"minecraft:torch":16},"minecraft:picked_up":{"minecraft:crafting_table":9,"minecraft:iron_chestplate":5,"minecraft:coarse_dirt":1,"minecraft:allium":6,"minecraft:chicken":1,"minecraft:ladder":3,"minecraft:potion":1,"minecraft:wither_rose":1,"minecraft:gold_block":1,"minecraft:enchanted_book":7,"minecraft:shield":5,"byg:crocus":3,"minecraft:string":6,"minecraft:iron_axe":4,"artifacts:feral_claws":1,"minecraft:iron_leggings":6,"minecraft:beef":14,"minecraft:iron_pickaxe":3,"minecraft:enchanted_golden_apple":1,"minecraft:sugar_cane":11,"minecraft:chest":1,"minecraft:furnace":7,"minecraft:iron_boots":7,"minecraft:egg":1,"minecraft:tipped_arrow":2,"minecraft:stick":14,"minecraft:torch":28,"alexsmobs:shark_tooth_arrow":1,"minecraft:spruce_stairs":1,"minecraft:porkchop":21,"tombstone:grave_dust":14,"minecraft:diorite":8,"minecraft:redstone":23,"byg:cattail":1,"minecraft:arrow":52,"minecraft:rotten_flesh":17,"quark:smooth_basalt":2,"farmersdelight:onion":4,"minecraft:iron_block":1,"minecraft:glowstone":1,"minecraft:saddle":1,"minecraft:gold_ingot":29,"minecraft:obsidian":4,"minecraft:mutton":6,"byg:rocky_stone":13,"minecraft:white_wool":5,"minecraft:cobblestone":359,"minecraft:purple_dye":3,"minecraft:feather":2,"minecraft:cooked_beef":10,"minecraft:golden_carrot":10,"minecraft:water_bucket":4,"minecraft:andesite":3,"minecraft:salmon":2,"minecraft:leather":8,"minecraft:filled_map":1,"minecraft:birch_planks":2,"alexsmobs:bear_fur":1,"minecraft:oak_log":29,"byg:dacite_cobblestone":4,"mowziesmobs:wrought_axe":1,"minecraft:dirt":41,"tombstone:gift":2,"minecraft:leather_boots":1,"minecraft:cooked_mutton":1,"minecraft:bone":29,"minecraft:bow":1,"minecraft:wheat_seeds":11,"byg:blueberries":28,"minecraft:stone_pickaxe":1,"minecraft:iron_ingot":186,"quark:tallow":14,"minecraft:iron_ore":2,"minecraft:glass_bottle":3,"minecraft:bamboo":8,"minecraft:iron_sword":4,"minecraft:oak_planks":17,"minecraft:gravel":1,"minecraft:jungle_planks":3,"mowziesmobs:wrought_helmet":1,"minecraft:spruce_sapling":1,"minecraft:spider_eye":5,"minecraft:spruce_log":9,"alexsmobs:animal_dictionary":1,"minecraft:mossy_cobblestone":1,"iceandfire:stymphalian_arrow":1,"minecraft:sugar":5,"minecraft:diamond":13,"minecraft:lever":1,"minecraft:stone_axe":2,"minecraft:iron_helmet":7,"minecraft:emerald":1,"minecraft:bread":102,"alexsmobs:maggot":2,"tombstone:magic_scroll":1,"minecraft:coal":123,"minecraft:ender_pearl":4},"minecraft:custom":{"minecraft:interact_with_anvil":2,"minecraft:mob_kills":64,"minecraft:interact_with_crafting_table":18,"minecraft:damage_dealt_resisted":132,"minecraft:leave_game":8,"minecraft:time_since_death":3186,"minecraft:damage_resisted":424,"minecraft:climb_one_cm":7913,"minecraft:sprint_one_cm":547247,"minecraft:walk_one_cm":580411,"minecraft:damage_blocked_by_shield":2886,"minecraft:drop":134,"minecraft:sneak_time":6930,"minecraft:deaths":38,"minecraft:walk_under_water_one_cm":13105,"minecraft:jump":3327,"minecraft:walk_on_water_one_cm":43734,"minecraft:interact_with_furnace":16,"tombstone:raider_killed":4,"minecraft:play_one_minute":181300,"minecraft:time_since_rest":2837,"minecraft:waystone_activated":2,"minecraft:damage_taken":14569,"minecraft:damage_absorbed":1030,"minecraft:trigger_trapped_chest":1,"minecraft:damage_dealt":13111,"tombstone:cast_on_ally":3,"minecraft:swim_one_cm":58627,"minecraft:fly_one_cm":702063,"minecraft:open_chest":36,"minecraft:crouch_one_cm":13582,"tombstone:undead_killed":27,"minecraft:fall_one_cm":71339,"minecraft:horse_one_cm":25463},"minecraft:broken":{"minecraft:iron_boots":1,"minecraft:iron_chestplate":1,"minecraft:iron_leggings":1,"minecraft:wooden_pickaxe":1,"minecraft:shield":3,"farmersdelight:golden_knife":1,"minecraft:iron_helmet":2}},"DataVersion":2586}