{"stats":{"minecraft:used":{"iceandfire:silver_sword":14,"byg:cattail":1,"minecraft:shield":69,"minecraft:cooked_chicken":1,"minecraft:torch":6,"minecraft:dirt":17,"minecraft:iron_axe":9,"minecraft:bow":8,"minecraft:furnace":3,"byg:dacite_cobblestone":4,"minecraft:egg":1,"minecraft:cooked_beef":1,"minecraft:cooked_mutton":1,"minecraft:iron_ore":1,"minecraft:stone_pickaxe":16,"minecraft:wooden_pickaxe":50,"minecraft:salmon":2,"farmersdelight:onion":9,"minecraft:crafting_table":6,"byg:blueberries":10,"minecraft:bread":6,"minecraft:iron_pickaxe":150,"minecraft:spruce_sapling":1,"minecraft:gravel":1,"minecraft:stone_axe":111,"minecraft:cobblestone":28,"minecraft:cooked_porkchop":4,"minecraft:bucket":1,"minecraft:coarse_dirt":1},"minecraft:mined":{"byg:cattail":1,"minecraft:grass_block":2,"minecraft:spruce_leaves":15,"farmersdelight:wild_onions":4,"byg:crocus":3,"byg:red_oak_leaves":2,"minecraft:furnace":2,"minecraft:iron_ore":1,"minecraft:andesite":4,"minecraft:vine":2,"byg:rocky_stone":14,"minecraft:stone":144,"byg:dacite":4,"minecraft:crafting_table":4,"minecraft:tall_grass":1,"minecraft:cobblestone":2,"minecraft:sugar_cane":1,"minecraft:diorite":9,"minecraft:coarse_dirt":1,"minecraft:spruce_log":9,"byg:short_grass":7,"minecraft:grass":36,"minecraft:coal_ore":26,"minecraft:oak_log":22,"minecraft:gravel":1,"minecraft:dirt":1,"byg:blueberry_bush":12,"minecraft:oak_leaves":5,"quark:root":1},"minecraft:killed_by":{"minecraft:zombie_villager":1,"mowziesmobs:ferrous_wroughtnaut":4,"minecraft:zombie":1,"iceandfire:ghost":2,"mowziesmobs:foliaath":1,"iceandfire:fire_dragon":2},"minecraft:killed":{"minecraft:chicken":1,"minecraft:silverfish":1,"mowziesmobs:foliaath":1,"minecraft:pig":7,"alexsmobs:grizzly_bear":1,"minecraft:salmon":2,"minecraft:sheep":4,"minecraft:zombie":1,"iceandfire:ghost":1,"alexsmobs:fly":1,"alexsmobs:crow":1,"minecraft:cow":8},"minecraft:custom":{"minecraft:mob_kills":28,"minecraft:interact_with_crafting_table":14,"minecraft:leave_game":6,"minecraft:time_since_death":844,"minecraft:climb_one_cm":4881,"minecraft:sprint_one_cm":309472,"minecraft:walk_one_cm":241419,"minecraft:damage_blocked_by_shield":1355,"minecraft:drop":52,"minecraft:deaths":11,"minecraft:sneak_time":4051,"minecraft:walk_under_water_one_cm":10393,"minecraft:jump":2030,"minecraft:walk_on_water_one_cm":40319,"minecraft:interact_with_furnace":9,"minecraft:play_one_minute":93551,"minecraft:time_since_rest":86,"minecraft:waystone_activated":2,"minecraft:damage_taken":4714,"minecraft:trigger_trapped_chest":1,"minecraft:damage_dealt":4170,"minecraft:swim_one_cm":40534,"minecraft:fly_one_cm":432902,"minecraft:open_chest":3,"minecraft:crouch_one_cm":6521,"tombstone:undead_killed":1,"minecraft:fall_one_cm":41076,"minecraft:horse_one_cm":14372},"minecraft:dropped":{"minecraft:water_bucket":1,"minecraft:bread":40,"minecraft:iron_ingot":128,"minecraft:iron_sword":1,"minecraft:wheat_seeds":10,"minecraft:cooked_beef":10,"minecraft:iron_helmet":2,"minecraft:coal":64,"minecraft:torch":16,"minecraft:iron_leggings":3,"minecraft:iron_axe":1,"minecraft:string":1,"minecraft:stone_axe":1,"minecraft:sugar_cane":1,"alexsmobs:animal_dictionary":1,"minecraft:rotten_flesh":2,"minecraft:oak_planks":10,"minecraft:iron_boots":3,"minecraft:shield":1,"minecraft:iron_chestplate":3,"minecraft:bamboo":8,"minecraft:magenta_dye":2,"minecraft:stone_pickaxe":1},"minecraft:broken":{"minecraft:wooden_pickaxe":1,"minecraft:shield":2},"minecraft:crafted":{"minecraft:oak_planks":88,"minecraft:leather_boots":1,"minecraft:cooked_chicken":1,"minecraft:furnace":1,"minecraft:cooked_mutton":1,"minecraft:bow":1,"tombstone:grave_key":1,"minecraft:stone_pickaxe":1,"minecraft:magenta_dye":6,"minecraft:cooked_beef":6,"minecraft:cooked_porkchop":4,"minecraft:crafting_table":2,"minecraft:spruce_planks":36,"minecraft:wooden_pickaxe":1,"minecraft:bucket":1,"minecraft:stone_axe":1,"minecraft:iron_chestplate":1,"minecraft:purple_dye":3,"minecraft:shield":2,"minecraft:stick":20,"minecraft:iron_ingot":9,"minecraft:torch":16},"minecraft:picked_up":{"minecraft:iron_chestplate":4,"minecraft:crafting_table":6,"minecraft:coarse_dirt":1,"minecraft:allium":6,"minecraft:chicken":1,"minecraft:enchanted_book":1,"minecraft:shield":4,"byg:crocus":3,"minecraft:string":4,"minecraft:iron_axe":4,"minecraft:iron_leggings":5,"minecraft:beef":14,"minecraft:iron_pickaxe":2,"minecraft:sugar_cane":10,"minecraft:furnace":6,"minecraft:iron_boots":5,"minecraft:egg":1,"minecraft:stick":10,"minecraft:torch":26,"minecraft:porkchop":12,"minecraft:diorite":8,"byg:cattail":1,"minecraft:arrow":18,"minecraft:rotten_flesh":2,"farmersdelight:onion":4,"minecraft:iron_block":1,"minecraft:gold_ingot":16,"minecraft:mutton":6,"byg:rocky_stone":13,"minecraft:white_wool":4,"minecraft:cobblestone":224,"minecraft:purple_dye":3,"minecraft:feather":2,"minecraft:cooked_beef":10,"minecraft:andesite":3,"minecraft:water_bucket":4,"minecraft:salmon":2,"minecraft:leather":8,"alexsmobs:bear_fur":1,"minecraft:oak_log":29,"byg:dacite_cobblestone":4,"minecraft:dirt":39,"minecraft:bone":9,"minecraft:wheat_seeds":10,"byg:blueberries":28,"minecraft:iron_ingot":186,"minecraft:stone_pickaxe":1,"quark:tallow":14,"minecraft:iron_ore":1,"minecraft:bamboo":8,"minecraft:oak_planks":12,"minecraft:iron_sword":2,"minecraft:gravel":1,"minecraft:spruce_sapling":1,"minecraft:spruce_log":9,"alexsmobs:animal_dictionary":1,"minecraft:stone_axe":2,"minecraft:iron_helmet":5,"minecraft:bread":102,"alexsmobs:maggot":2,"minecraft:coal":123}},"DataVersion":2586}