{"stats":{"minecraft:used":{"minecraft:water_bucket":11,"minecraft:diorite":2,"minecraft:stone_shovel":17,"minecraft:stone_pickaxe":131,"minecraft:poppy":1,"quark:jungle_chest":1,"minecraft:chest":1,"minecraft:shield":2,"minecraft:iron_sword":85,"byg:rocky_stone":15,"minecraft:rotten_flesh":8,"minecraft:torch":43,"minecraft:mossy_cobblestone":1,"minecraft:dirt":59,"minecraft:crafting_table":11,"mowziesmobs:wrought_axe":10,"minecraft:oak_log":4,"minecraft:iron_axe":4,"minecraft:bread":2,"minecraft:iron_pickaxe":502,"byg:soapstone":17,"minecraft:stone_axe":98,"minecraft:cobblestone":36,"minecraft:furnace":10,"minecraft:oak_sapling":3,"byg:scoria_cobblestone":1,"minecraft:andesite":1,"minecraft:bucket":12,"minecraft:cooked_beef":31},"minecraft:mined":{"minecraft:mossy_cobblestone":1,"minecraft:jungle_leaves":1,"minecraft:crafting_table":11,"minecraft:torch":7,"minecraft:grass_block":14,"minecraft:jungle_log":5,"minecraft:cobblestone":16,"minecraft:sugar_cane":3,"minecraft:diorite":3,"quark:andesite_speleothem":1,"minecraft:wall_torch":5,"byg:soapstone":18,"byg:scoria_stone":1,"byg:red_oak_leaves":1,"minecraft:furnace":10,"minecraft:iron_ore":302,"minecraft:grass":3,"minecraft:coal_ore":124,"minecraft:oak_log":42,"minecraft:vine":3,"minecraft:dirt":24,"byg:rocky_stone":2,"minecraft:bamboo":2,"minecraft:stone":152,"minecraft:oak_leaves":40,"minecraft:tripwire":2},"minecraft:killed_by":{"mowziesmobs:ferrous_wroughtnaut":6,"minecraft:skeleton":1,"minecraft:creeper":1,"mowziesmobs:foliaath":1},"minecraft:killed":{"minecraft:spider":1,"minecraft:skeleton":4,"mowziesmobs:ferrous_wroughtnaut":1,"minecraft:zombie":20},"minecraft:custom":{"minecraft:interact_with_furnace":62,"minecraft:mob_kills":26,"minecraft:interact_with_crafting_table":16,"minecraft:play_one_minute":230925,"minecraft:leave_game":1,"minecraft:time_since_death":21579,"minecraft:climb_one_cm":3839,"minecraft:time_since_rest":21603,"minecraft:waystone_activated":1,"minecraft:sprint_one_cm":444940,"minecraft:damage_taken":6146,"minecraft:walk_one_cm":223792,"minecraft:damage_blocked_by_shield":80,"minecraft:drop":43,"minecraft:damage_dealt":5672,"minecraft:swim_one_cm":18500,"minecraft:fly_one_cm":557705,"minecraft:open_chest":14,"minecraft:crouch_one_cm":49859,"tombstone:undead_killed":6,"minecraft:sneak_time":17792,"minecraft:deaths":9,"minecraft:walk_under_water_one_cm":6505,"minecraft:jump":2871,"minecraft:walk_on_water_one_cm":39611,"minecraft:fall_one_cm":71014,"minecraft:inspect_dispenser":2},"minecraft:dropped":{"minecraft:bread":42,"minecraft:iron_ingot":16,"minecraft:iron_sword":1,"minecraft:stone_shovel":1,"byg:white_anemone":1,"minecraft:iron_helmet":1,"minecraft:rotten_flesh":13,"minecraft:iron_boots":2,"minecraft:shield":2,"minecraft:iron_chestplate":1,"minecraft:oak_sapling":3,"minecraft:iron_leggings":2,"minecraft:iron_axe":2,"minecraft:iron_pickaxe":1},"minecraft:crafted":{"minecraft:oak_planks":20,"minecraft:crafting_table":2,"minecraft:iron_helmet":3,"quark:jungle_chest":2,"minecraft:iron_sword":1,"minecraft:furnace":4,"minecraft:bucket":1,"minecraft:air":0,"minecraft:jungle_planks":20,"minecraft:iron_boots":2,"minecraft:iron_chestplate":2,"minecraft:iron_axe":1,"minecraft:stick":52,"minecraft:iron_ingot":284,"minecraft:iron_pickaxe":4,"minecraft:iron_block":17,"minecraft:chest":1,"minecraft:iron_leggings":2,"minecraft:torch":72},"minecraft:broken":{"minecraft:stone_pickaxe":1,"minecraft:iron_pickaxe":1},"minecraft:picked_up":{"minecraft:crafting_table":14,"minecraft:iron_chestplate":6,"minecraft:purple_dye":12,"byg:soapstone":18,"minecraft:cooked_beef":119,"minecraft:andesite":2,"minecraft:water_bucket":6,"minecraft:jungle_log":5,"minecraft:oak_log":73,"byg:white_anemone":1,"minecraft:shield":8,"mowziesmobs:wrought_axe":1,"byg:scoria_cobblestone":1,"minecraft:dirt":140,"minecraft:string":13,"alexsmobs:ancient_dart":2,"minecraft:iron_axe":3,"minecraft:iron_leggings":8,"quark:blank_rune":2,"minecraft:bone":37,"minecraft:bow":1,"minecraft:iron_ingot":267,"minecraft:stone_pickaxe":2,"minecraft:iron_ore":343,"minecraft:poppy":1,"minecraft:iron_pickaxe":4,"minecraft:bamboo":32,"minecraft:sugar_cane":45,"minecraft:iron_sword":6,"minecraft:oak_planks":22,"minecraft:iron_boots":8,"minecraft:furnace":23,"minecraft:stick":29,"minecraft:torch":153,"mowziesmobs:wrought_helmet":1,"tombstone:grave_dust":6,"minecraft:diorite":19,"alexsmobs:animal_dictionary":1,"minecraft:mossy_cobblestone":1,"minecraft:arrow":78,"minecraft:stone_shovel":3,"minecraft:rotten_flesh":21,"minecraft:stone_axe":7,"minecraft:iron_helmet":5,"minecraft:gold_ingot":40,"minecraft:bread":261,"curios:crown":2,"minecraft:oak_sapling":6,"minecraft:coal":459,"byg:rocky_stone":29,"minecraft:cobblestone":682}},"DataVersion":2586}