{"stats":{"minecraft:used":{"quark:cobbled_deepslate":47,"minecraft:stone_shovel":17,"minecraft:poppy":1,"quark:jungle_chest":1,"minecraft:chest":3,"minecraft:shield":2,"minecraft:iron_sword":85,"minecraft:cooked_salmon":25,"minecraft:rotten_flesh":10,"byg:brown_oak_sapling":9,"minecraft:torch":79,"minecraft:dirt":89,"minecraft:iron_axe":4,"quark:smooth_basalt":9,"minecraft:bow":40,"minecraft:oak_sapling":3,"minecraft:furnace":22,"tombstone:gift":1,"minecraft:cooked_beef":36,"minecraft:cooked_mutton":4,"minecraft:water_bucket":22,"minecraft:diorite":2,"minecraft:stone_pickaxe":131,"minecraft:oak_planks":1,"byg:rocky_stone":15,"minecraft:clay":6,"minecraft:mossy_cobblestone":1,"minecraft:crafting_table":16,"mowziesmobs:wrought_axe":643,"minecraft:oak_log":4,"minecraft:diamond_pickaxe":62,"byg:blueberries":3,"minecraft:bread":31,"minecraft:iron_pickaxe":633,"byg:soapstone":21,"minecraft:spruce_sapling":5,"quark:root_item":2,"minecraft:stone_axe":98,"minecraft:potion":1,"minecraft:cobblestone":43,"minecraft:cooked_porkchop":2,"byg:scoria_cobblestone":1,"minecraft:andesite":1,"minecraft:bucket":23,"minecraft:bone_meal":1},"minecraft:killed":{"minecraft:cave_spider":3,"minecraft:witch":1,"minecraft:spider":8,"minecraft:skeleton":25,"mowziesmobs:ferrous_wroughtnaut":1,"alexsmobs:centipede_head":1,"mowziesmobs:foliaath":1,"minecraft:pig":1,"alexsmobs:grizzly_bear":2,"minecraft:salmon":64,"minecraft:creeper":5,"minecraft:sheep":3,"minecraft:zombie":66,"minecraft:cow":1},"minecraft:mined":{"minecraft:diamond_ore":4,"minecraft:mossy_cobblestone":1,"minecraft:jungle_leaves":1,"quark:cobbled_deepslate":15,"minecraft:grass_block":15,"minecraft:jungle_log":5,"minecraft:spruce_leaves":2,"quark:andesite_speleothem":1,"minecraft:spawner":1,"minecraft:tall_seagrass":1,"gobber2:gobber2_ore":5,"byg:red_oak_leaves":2,"minecraft:spruce_sapling":1,"minecraft:furnace":17,"minecraft:iron_ore":341,"minecraft:andesite":1,"quark:smooth_basalt":13,"minecraft:vine":5,"byg:rocky_stone":2,"minecraft:bamboo":2,"minecraft:stone":204,"minecraft:tripwire":2,"minecraft:crafting_table":14,"minecraft:torch":11,"minecraft:cobblestone":19,"minecraft:sugar_cane":12,"minecraft:diorite":3,"minecraft:wall_torch":12,"byg:soapstone":21,"byg:scoria_stone":1,"byg:short_grass":1,"quark:deepslate":33,"minecraft:grass":9,"minecraft:oak_log":72,"minecraft:coal_ore":137,"minecraft:dirt":42,"minecraft:oak_leaves":55,"byg:brown_oak_leaves":21},"minecraft:dropped":{"minecraft:enchanted_book":3,"minecraft:iron_ingot":16,"minecraft:bread":42,"minecraft:iron_sword":1,"minecraft:wheat_seeds":3,"minecraft:glass_bottle":1,"byg:white_anemone":1,"minecraft:iron_helmet":2,"minecraft:cobblestone":1,"minecraft:coal":4,"minecraft:iron_block":2,"tombstone:bag_of_seeds":1,"tombstone:magic_scroll":4,"quark:cobbled_deepslate":6,"minecraft:iron_leggings":3,"minecraft:iron_axe":2,"minecraft:iron_pickaxe":1,"minecraft:redstone":1,"savageandravage:griefer_helmet":1,"alexsmobs:centipede_leg":1,"quark:tallow":3,"minecraft:lever":3,"tombstone:gift":2,"minecraft:stone_shovel":1,"minecraft:rotten_flesh":42,"minecraft:clay_ball":2,"minecraft:iron_boots":3,"quark:smooth_basalt":4,"minecraft:shield":3,"minecraft:iron_chestplate":2,"minecraft:music_disc_mall":1,"minecraft:oak_sapling":3,"minecraft:bow":1},"minecraft:killed_by":{"minecraft:creeper":1,"mowziesmobs:ferrous_wroughtnaut":9,"minecraft:skeleton":1,"mowziesmobs:foliaath":1},"minecraft:crafted":{"minecraft:oak_planks":44,"quark:jungle_chest":2,"minecraft:furnace":5,"minecraft:cooked_mutton":4,"tombstone:dust_of_vanishing":2,"minecraft:bow":2,"minecraft:iron_boots":3,"minecraft:iron_axe":1,"minecraft:chest":3,"minecraft:cooked_beef":3,"minecraft:cooked_porkchop":2,"minecraft:crafting_table":3,"minecraft:iron_helmet":3,"minecraft:iron_sword":1,"minecraft:cooked_salmon":64,"minecraft:bucket":1,"minecraft:air":0,"minecraft:jungle_planks":20,"minecraft:iron_chestplate":3,"minecraft:diamond_pickaxe":1,"quark:oak_chest":2,"minecraft:stick":52,"minecraft:iron_ingot":315,"minecraft:iron_pickaxe":5,"minecraft:iron_block":24,"minecraft:iron_leggings":3,"minecraft:white_bed":1,"minecraft:torch":88,"minecraft:clay":6},"minecraft:picked_up":{"minecraft:crafting_table":17,"minecraft:iron_chestplate":6,"byg:soapstone":22,"minecraft:clay_ball":26,"minecraft:potion":1,"minecraft:enchanted_book":4,"minecraft:shield":8,"byg:brown_oak_sapling":9,"minecraft:string":20,"minecraft:iron_axe":3,"alexsmobs:ancient_dart":2,"artifacts:feral_claws":1,"minecraft:iron_leggings":8,"minecraft:beef":4,"quark:root_item":2,"minecraft:poppy":1,"minecraft:iron_pickaxe":4,"minecraft:sugar_cane":71,"minecraft:iron_boots":8,"minecraft:furnace":30,"minecraft:stick":40,"minecraft:torch":166,"minecraft:porkchop":3,"tombstone:grave_dust":14,"minecraft:diorite":19,"savageandravage:griefer_helmet":2,"minecraft:redstone":1,"alexsmobs:centipede_leg":1,"minecraft:arrow":98,"minecraft:rotten_flesh":55,"minecraft:stone_shovel":3,"quark:smooth_basalt":13,"minecraft:gold_ingot":45,"curios:crown":2,"minecraft:mutton":4,"byg:rocky_stone":29,"minecraft:skeleton_skull":1,"minecraft:white_wool":3,"minecraft:cobblestone":758,"minecraft:purple_dye":12,"minecraft:cooked_beef":121,"minecraft:andesite":2,"minecraft:water_bucket":6,"minecraft:salmon":64,"minecraft:jungle_log":5,"minecraft:leather":2,"gobber2:gobber2_glob":4,"minecraft:oak_log":103,"byg:white_anemone":1,"minecraft:gunpowder":2,"gobber2:gobber2_ore":5,"mowziesmobs:wrought_axe":1,"minecraft:dirt":164,"minecraft:name_tag":1,"quark:blank_rune":2,"minecraft:bone":58,"byg:scoria_cobblestone":1,"minecraft:bow":4,"minecraft:wheat_seeds":3,"byg:blueberries":3,"minecraft:cobweb":7,"minecraft:iron_ingot":331,"minecraft:stone_pickaxe":2,"quark:tallow":3,"minecraft:iron_ore":398,"savageandravage:griefer_leggings":1,"tombstone:bag_of_seeds":1,"savageandravage:griefer_chestplate":1,"minecraft:bamboo":32,"minecraft:iron_sword":6,"minecraft:oak_planks":22,"mowziesmobs:wrought_helmet":1,"minecraft:spruce_sapling":5,"minecraft:gold_ore":5,"alexsmobs:animal_dictionary":1,"minecraft:mossy_cobblestone":1,"quark:cobbled_deepslate":58,"minecraft:music_disc_mall":1,"minecraft:diamond":5,"minecraft:stone_axe":7,"minecraft:lever":1,"minecraft:iron_helmet":5,"minecraft:bone_meal":1,"savageandravage:griefer_boots":1,"minecraft:bread":261,"tombstone:magic_scroll":4,"minecraft:oak_sapling":6,"minecraft:coal":474},"minecraft:custom":{"minecraft:mob_kills":189,"minecraft:interact_with_crafting_table":26,"minecraft:damage_dealt_resisted":507,"minecraft:leave_game":1,"minecraft:time_since_death":1725,"minecraft:climb_one_cm":4712,"minecraft:sprint_one_cm":698441,"minecraft:walk_one_cm":416671,"minecraft:damage_blocked_by_shield":80,"minecraft:drop":92,"minecraft:damage_dealt_absorbed":232,"minecraft:sneak_time":31417,"minecraft:deaths":13,"minecraft:walk_under_water_one_cm":39979,"minecraft:jump":5160,"minecraft:walk_on_water_one_cm":65754,"minecraft:interact_with_furnace":115,"tombstone:raider_killed":1,"minecraft:play_one_minute":348034,"minecraft:sleep_in_bed":2,"minecraft:time_since_rest":740,"minecraft:waystone_activated":1,"minecraft:damage_taken":11531,"minecraft:damage_dealt":25495,"minecraft:player_kills":2,"minecraft:swim_one_cm":130139,"minecraft:fly_one_cm":1006168,"minecraft:open_chest":27,"minecraft:crouch_one_cm":80136,"tombstone:undead_killed":73,"minecraft:fall_one_cm":149046,"minecraft:inspect_dispenser":2},"minecraft:broken":{"minecraft:stone_pickaxe":1,"minecraft:iron_pickaxe":2}},"DataVersion":2586}