{"stats":{"minecraft:used":{"quark:cobbled_deepslate":47,"minecraft:stone_shovel":17,"minecraft:poppy":1,"gobber2:gobber2_gooey_bread":1,"quark:jungle_chest":1,"minecraft:chest":3,"minecraft:shield":2,"minecraft:iron_sword":85,"minecraft:cooked_salmon":47,"minecraft:rotten_flesh":10,"byg:brown_oak_sapling":9,"minecraft:torch":82,"minecraft:dirt":89,"minecraft:anvil":1,"minecraft:iron_axe":4,"quark:smooth_basalt":9,"minecraft:bow":103,"gobber2:gobber2_sword":268,"minecraft:oak_sapling":3,"minecraft:furnace":22,"tombstone:gift":1,"minecraft:cooked_beef":37,"minecraft:enchanted_golden_apple":7,"minecraft:cooked_mutton":4,"minecraft:water_bucket":24,"minecraft:diorite":2,"minecraft:stone_pickaxe":131,"minecraft:oak_planks":1,"byg:rocky_stone":15,"minecraft:clay":6,"minecraft:mossy_cobblestone":1,"minecraft:crafting_table":16,"minecraft:red_bed":1,"tombstone:dust_of_vanishing":2,"mowziesmobs:wrought_axe":651,"minecraft:oak_log":4,"minecraft:lever":1,"minecraft:diamond_pickaxe":107,"byg:blueberries":3,"minecraft:bread":31,"minecraft:iron_pickaxe":633,"byg:soapstone":21,"minecraft:spruce_sapling":5,"quark:root_item":2,"minecraft:stone_axe":98,"minecraft:potion":1,"minecraft:cobblestone":84,"minecraft:cooked_porkchop":2,"byg:scoria_cobblestone":1,"minecraft:andesite":1,"minecraft:bucket":25,"minecraft:bone_meal":1},"minecraft:killed":{"minecraft:cave_spider":3,"minecraft:witch":3,"minecraft:spider":16,"minecraft:skeleton":25,"mowziesmobs:ferrous_wroughtnaut":1,"minecraft:drowned":5,"alexsmobs:centipede_head":1,"mowziesmobs:foliaath":1,"enderlinginvaders:watchling":3,"minecraft:husk":7,"minecraft:pig":1,"alexsmobs:grizzly_bear":2,"minecraft:salmon":64,"enderlinginvaders:blastling":2,"minecraft:creeper":5,"minecraft:sheep":3,"minecraft:zombie":67,"minecraft:stray":2,"minecraft:wither_skeleton":6,"minecraft:cow":1},"minecraft:mined":{"minecraft:diamond_ore":4,"minecraft:mossy_cobblestone":1,"minecraft:jungle_leaves":1,"quark:cobbled_deepslate":15,"minecraft:grass_block":15,"gobber2:gobber2_lucky_block":1,"minecraft:jungle_log":5,"minecraft:spruce_leaves":2,"quark:andesite_speleothem":1,"minecraft:spawner":10,"minecraft:tall_seagrass":1,"gobber2:gobber2_ore":5,"byg:red_oak_leaves":2,"minecraft:spruce_sapling":1,"minecraft:furnace":17,"minecraft:iron_ore":341,"minecraft:andesite":1,"quark:smooth_basalt":13,"minecraft:vine":5,"byg:rocky_stone":2,"minecraft:bamboo":2,"minecraft:stone":230,"minecraft:tripwire":2,"minecraft:crafting_table":14,"minecraft:torch":11,"minecraft:cobblestone":27,"minecraft:sugar_cane":12,"minecraft:diorite":3,"minecraft:wall_torch":13,"byg:soapstone":21,"byg:scoria_stone":1,"byg:short_grass":1,"quark:deepslate":33,"minecraft:grass":9,"minecraft:oak_log":72,"minecraft:coal_ore":137,"minecraft:dirt":42,"minecraft:oak_leaves":55,"byg:brown_oak_leaves":21},"minecraft:dropped":{"minecraft:enchanted_book":8,"minecraft:iron_ingot":16,"minecraft:bread":42,"minecraft:iron_sword":1,"minecraft:wheat_seeds":3,"minecraft:glass_bottle":1,"byg:white_anemone":1,"minecraft:iron_helmet":2,"minecraft:cobblestone":26,"minecraft:coal":4,"minecraft:iron_block":2,"tombstone:bag_of_seeds":1,"minecraft:red_bed":1,"tombstone:magic_scroll":4,"quark:cobbled_deepslate":22,"tombstone:grave_dust":5,"minecraft:iron_leggings":3,"mowziesmobs:wrought_helmet":2,"minecraft:iron_axe":2,"minecraft:iron_pickaxe":1,"minecraft:string":3,"minecraft:bone":2,"minecraft:redstone":1,"savageandravage:griefer_helmet":1,"alexsmobs:centipede_leg":1,"quark:tallow":3,"minecraft:lever":3,"tombstone:gift":2,"minecraft:stone_shovel":1,"minecraft:rotten_flesh":60,"minecraft:clay_ball":2,"minecraft:iron_boots":3,"minecraft:glowstone_dust":24,"minecraft:poppy":9,"quark:smooth_basalt":4,"minecraft:shield":3,"minecraft:gunpowder":8,"minecraft:glowstone":1,"minecraft:iron_chestplate":2,"minecraft:music_disc_mall":1,"minecraft:oak_sapling":3,"minecraft:spider_eye":6,"minecraft:arrow":6,"minecraft:bow":1},"minecraft:killed_by":{"minecraft:player":2,"minecraft:creeper":1,"mowziesmobs:ferrous_wroughtnaut":33,"enderlinginvaders:watchling":2,"minecraft:skeleton":1,"minecraft:witch":1,"enderlinginvaders:blastling":3,"enderlinginvaders:necrosent":3,"mowziesmobs:foliaath":1},"minecraft:crafted":{"minecraft:oak_planks":44,"quark:jungle_chest":2,"minecraft:furnace":5,"minecraft:cooked_mutton":4,"tombstone:dust_of_vanishing":4,"minecraft:bow":3,"minecraft:iron_boots":5,"minecraft:iron_axe":1,"minecraft:chest":3,"minecraft:cooked_beef":3,"gobber2:gobber2_sword":1,"gobber2:gobber2_ingot":6,"minecraft:cooked_porkchop":2,"minecraft:crafting_table":3,"minecraft:iron_helmet":3,"minecraft:iron_sword":1,"gobber2:gobber2_rod":2,"minecraft:cooked_salmon":64,"minecraft:bucket":1,"minecraft:air":0,"minecraft:jungle_planks":20,"minecraft:iron_chestplate":6,"minecraft:diamond_pickaxe":1,"quark:oak_chest":2,"minecraft:stick":52,"minecraft:iron_ingot":351,"minecraft:iron_pickaxe":5,"minecraft:iron_block":24,"minecraft:iron_leggings":6,"minecraft:anvil":1,"minecraft:white_bed":1,"minecraft:torch":88,"minecraft:clay":6},"minecraft:picked_up":{"minecraft:crafting_table":17,"minecraft:iron_chestplate":6,"byg:soapstone":22,"iceandfire:witherbone":3,"minecraft:clay_ball":26,"minecraft:potion":1,"minecraft:enchanted_book":15,"minecraft:shield":8,"minecraft:red_bed":2,"byg:brown_oak_sapling":9,"minecraft:string":23,"minecraft:iron_axe":3,"alexsmobs:ancient_dart":2,"artifacts:feral_claws":1,"minecraft:iron_leggings":8,"minecraft:beef":4,"quark:root_item":2,"minecraft:poppy":4,"minecraft:iron_pickaxe":4,"minecraft:enchanted_golden_apple":2,"minecraft:sugar_cane":71,"minecraft:iron_boots":8,"minecraft:furnace":30,"minecraft:tipped_arrow":1,"minecraft:stick":42,"minecraft:torch":169,"minecraft:porkchop":3,"tombstone:grave_dust":24,"minecraft:diorite":19,"savageandravage:griefer_helmet":2,"minecraft:redstone":1,"alexsmobs:centipede_leg":1,"minecraft:arrow":109,"minecraft:rotten_flesh":76,"minecraft:stone_shovel":3,"quark:smooth_basalt":13,"enderlinginvaders:corrosive_goo":1,"minecraft:glowstone":1,"minecraft:gold_ingot":54,"curios:crown":2,"minecraft:mutton":4,"byg:rocky_stone":29,"minecraft:skeleton_skull":1,"minecraft:white_wool":3,"minecraft:cobblestone":902,"minecraft:purple_dye":12,"minecraft:cooked_beef":121,"minecraft:andesite":2,"minecraft:water_bucket":6,"minecraft:salmon":64,"minecraft:jungle_log":5,"minecraft:leather":2,"gobber2:gobber2_glob":4,"minecraft:oak_log":103,"byg:white_anemone":1,"minecraft:gunpowder":6,"minecraft:wither_skeleton_skull":2,"gobber2:gobber2_ore":5,"mowziesmobs:wrought_axe":1,"minecraft:dirt":164,"minecraft:name_tag":1,"quark:blank_rune":2,"minecraft:bone":68,"byg:scoria_cobblestone":1,"minecraft:bow":4,"minecraft:wheat_seeds":3,"byg:blueberries":3,"minecraft:cobweb":7,"minecraft:iron_ingot":331,"minecraft:stone_pickaxe":2,"quark:tallow":3,"minecraft:iron_ore":398,"savageandravage:griefer_leggings":1,"tombstone:bag_of_seeds":1,"savageandravage:griefer_chestplate":1,"minecraft:glowstone_dust":24,"minecraft:bamboo":32,"gobber2:gobber2_gooey_bread":1,"minecraft:iron_sword":6,"minecraft:oak_planks":22,"minecraft:spider_eye":6,"mowziesmobs:wrought_helmet":3,"minecraft:spruce_sapling":5,"minecraft:gold_ore":5,"alexsmobs:animal_dictionary":1,"minecraft:mossy_cobblestone":1,"quark:cobbled_deepslate":74,"minecraft:music_disc_mall":1,"enderlinginvaders:watchling_eye":1,"minecraft:diamond":5,"minecraft:stone_axe":7,"minecraft:lever":1,"minecraft:iron_helmet":5,"minecraft:bone_meal":1,"savageandravage:griefer_boots":1,"minecraft:bread":261,"tombstone:magic_scroll":4,"minecraft:oak_sapling":6,"minecraft:coal":474},"minecraft:custom":{"minecraft:interact_with_anvil":6,"minecraft:mob_kills":235,"tombstone:use_vanishing":4,"minecraft:interact_with_crafting_table":35,"minecraft:damage_dealt_resisted":507,"minecraft:leave_game":1,"minecraft:time_since_death":6583,"minecraft:damage_resisted":690,"minecraft:climb_one_cm":9603,"minecraft:sprint_one_cm":866134,"minecraft:walk_one_cm":626173,"minecraft:damage_blocked_by_shield":80,"minecraft:drop":124,"minecraft:damage_dealt_absorbed":232,"minecraft:sneak_time":32347,"minecraft:deaths":48,"minecraft:walk_under_water_one_cm":40067,"minecraft:jump":6334,"minecraft:walk_on_water_one_cm":66783,"minecraft:interact_with_furnace":115,"tombstone:raider_killed":3,"minecraft:play_one_minute":402034,"minecraft:sleep_in_bed":3,"minecraft:time_since_rest":1344,"minecraft:waystone_activated":1,"minecraft:damage_taken":30976,"minecraft:damage_absorbed":1116,"minecraft:damage_dealt":41291,"minecraft:player_kills":2,"minecraft:swim_one_cm":132961,"minecraft:fly_one_cm":1170012,"minecraft:open_chest":55,"minecraft:crouch_one_cm":81744,"tombstone:undead_killed":99,"minecraft:fall_one_cm":157381,"minecraft:inspect_dispenser":2},"minecraft:broken":{"minecraft:iron_boots":1,"savageandravage:griefer_leggings":1,"minecraft:stone_pickaxe":1,"savageandravage:griefer_boots":1,"minecraft:iron_pickaxe":2}},"DataVersion":2586}