{"stats":{"minecraft:mined":{"minecraft:diamond_ore":4,"minecraft:mossy_cobblestone":1,"minecraft:jungle_leaves":1,"minecraft:granite":4,"quark:cobbled_deepslate":15,"minecraft:grass_block":15,"gobber2:gobber2_lucky_block":2,"minecraft:jungle_log":5,"minecraft:spruce_leaves":2,"quark:andesite_speleothem":1,"minecraft:spawner":10,"minecraft:tall_seagrass":1,"gobber2:gobber2_ore":26,"minecraft:spruce_sapling":1,"byg:red_oak_leaves":2,"minecraft:furnace":17,"minecraft:iron_ore":377,"minecraft:andesite":1,"minecraft:pumpkin":4,"quark:smooth_basalt":13,"minecraft:vine":5,"byg:rocky_stone":2,"minecraft:bamboo":2,"minecraft:stone":244,"minecraft:tripwire":2,"minecraft:crafting_table":15,"minecraft:torch":11,"minecraft:emerald_ore":1,"minecraft:cobblestone":38,"minecraft:lapis_ore":5,"minecraft:sugar_cane":22,"minecraft:diorite":3,"minecraft:wall_torch":13,"byg:soapstone":21,"byg:scoria_stone":1,"minecraft:wheat":69,"byg:short_grass":2,"quark:deepslate":33,"minecraft:grass":10,"minecraft:coal_ore":141,"minecraft:oak_log":72,"minecraft:dirt":43,"minecraft:gold_ore":17,"minecraft:oak_leaves":55,"byg:brown_oak_leaves":21},"minecraft:killed_by":{"minecraft:player":5,"minecraft:creeper":1,"mowziesmobs:ferrous_wroughtnaut":33,"minecraft:skeleton":1,"enderlinginvaders:watchling":2,"minecraft:zombie":2,"minecraft:witch":1,"enderlinginvaders:blastling":3,"enderlinginvaders:necrosent":3,"mowziesmobs:foliaath":1},"minecraft:custom":{"minecraft:interact_with_anvil":6,"minecraft:mob_kills":294,"tombstone:use_vanishing":4,"minecraft:open_barrel":4,"minecraft:interact_with_crafting_table":43,"minecraft:damage_dealt_resisted":507,"minecraft:leave_game":2,"minecraft:time_since_death":8630,"minecraft:damage_resisted":690,"minecraft:climb_one_cm":10198,"minecraft:sprint_one_cm":995154,"minecraft:walk_one_cm":760252,"minecraft:damage_blocked_by_shield":80,"minecraft:drop":149,"minecraft:damage_dealt_absorbed":306,"minecraft:sneak_time":37332,"minecraft:deaths":53,"minecraft:walk_under_water_one_cm":41357,"minecraft:jump":7152,"minecraft:walk_on_water_one_cm":79261,"minecraft:interact_with_furnace":116,"tombstone:raider_killed":19,"minecraft:play_one_minute":443093,"minecraft:sleep_in_bed":3,"minecraft:time_since_rest":8436,"minecraft:waystone_activated":1,"minecraft:damage_taken":34248,"minecraft:damage_absorbed":1116,"minecraft:damage_dealt":48658,"minecraft:player_kills":4,"minecraft:swim_one_cm":139854,"minecraft:fly_one_cm":1311138,"minecraft:open_chest":71,"minecraft:crouch_one_cm":92200,"tombstone:undead_killed":109,"minecraft:fall_one_cm":185999,"minecraft:inspect_dispenser":2},"minecraft:dropped":{"minecraft:enchanted_book":8,"minecraft:iron_ingot":16,"minecraft:bread":42,"minecraft:iron_sword":1,"minecraft:wheat_seeds":947,"minecraft:glass_bottle":1,"byg:white_anemone":1,"minecraft:crossbow":1,"minecraft:iron_helmet":2,"minecraft:cobblestone":26,"minecraft:coal":4,"minecraft:iron_block":2,"tombstone:bag_of_seeds":1,"minecraft:red_bed":1,"tombstone:magic_scroll":4,"minecraft:melon_slice":2,"quark:cobbled_deepslate":22,"tombstone:grave_dust":5,"minecraft:iron_leggings":3,"mowziesmobs:wrought_helmet":2,"minecraft:iron_axe":2,"minecraft:iron_pickaxe":1,"minecraft:string":3,"minecraft:redstone":1,"minecraft:bone":2,"savageandravage:griefer_helmet":1,"alexsmobs:centipede_leg":1,"quark:tallow":7,"minecraft:lever":3,"tombstone:gift":2,"minecraft:stone_shovel":1,"minecraft:rotten_flesh":61,"minecraft:clay_ball":2,"minecraft:iron_boots":3,"minecraft:glowstone_dust":24,"minecraft:poppy":9,"quark:smooth_basalt":4,"minecraft:shield":3,"minecraft:gunpowder":8,"minecraft:iron_chestplate":2,"minecraft:glowstone":1,"minecraft:music_disc_mall":1,"minecraft:oak_sapling":3,"minecraft:spider_eye":6,"minecraft:arrow":6,"minecraft:bow":1},"minecraft:picked_up":{"minecraft:crafting_table":18,"minecraft:iron_chestplate":6,"minecraft:wheat":492,"byg:soapstone":22,"iceandfire:witherbone":3,"minecraft:clay_ball":26,"minecraft:enchanted_book":15,"minecraft:potion":1,"minecraft:shield":8,"byg:brown_oak_sapling":9,"minecraft:string":23,"minecraft:red_bed":2,"alexsmobs:ancient_dart":2,"minecraft:iron_axe":3,"minecraft:iron_leggings":8,"artifacts:feral_claws":1,"minecraft:beef":18,"minecraft:iron_pickaxe":4,"minecraft:poppy":4,"quark:root_item":2,"minecraft:enchanted_golden_apple":2,"minecraft:melon_slice":2,"minecraft:sugar_cane":92,"minecraft:iron_boots":8,"minecraft:furnace":30,"minecraft:tipped_arrow":1,"minecraft:stick":42,"minecraft:torch":169,"minecraft:porkchop":9,"tombstone:grave_dust":26,"minecraft:diorite":19,"savageandravage:griefer_helmet":2,"minecraft:redstone":1,"alexsmobs:centipede_leg":1,"minecraft:stone_shovel":3,"minecraft:arrow":122,"minecraft:rotten_flesh":77,"quark:smooth_basalt":13,"enderlinginvaders:corrosive_goo":1,"minecraft:glowstone":1,"minecraft:gold_ingot":54,"curios:crown":2,"minecraft:mutton":4,"byg:rocky_stone":29,"minecraft:skeleton_skull":1,"minecraft:white_wool":3,"minecraft:cobblestone":927,"minecraft:purple_dye":12,"minecraft:cooked_beef":121,"minecraft:jungle_log":5,"minecraft:andesite":2,"minecraft:water_bucket":6,"minecraft:salmon":64,"minecraft:leather":21,"gobber2:gobber2_glob":4,"minecraft:oak_log":103,"byg:white_anemone":1,"minecraft:lapis_lazuli":40,"minecraft:gunpowder":8,"minecraft:wither_skeleton_skull":2,"gobber2:gobber2_ore":26,"mowziesmobs:wrought_axe":1,"minecraft:dirt":165,"minecraft:name_tag":1,"quark:blank_rune":2,"byg:scoria_cobblestone":1,"minecraft:bone":75,"artifacts:kitty_slippers":1,"minecraft:bow":7,"gobber2:gobber2_gooey_beef":1,"minecraft:wheat_seeds":953,"byg:blueberries":3,"minecraft:iron_ingot":331,"minecraft:iron_ore":434,"minecraft:stone_pickaxe":2,"quark:tallow":7,"minecraft:cobweb":7,"savageandravage:griefer_leggings":1,"tombstone:bag_of_seeds":1,"savageandravage:griefer_chestplate":1,"minecraft:bamboo":32,"minecraft:glowstone_dust":24,"minecraft:oak_planks":22,"minecraft:iron_sword":6,"gobber2:gobber2_gooey_bread":1,"minecraft:pumpkin":4,"mowziesmobs:wrought_helmet":3,"minecraft:spruce_sapling":5,"minecraft:gold_ore":22,"minecraft:spider_eye":6,"alexsmobs:animal_dictionary":1,"minecraft:mossy_cobblestone":1,"quark:cobbled_deepslate":74,"minecraft:music_disc_mall":1,"enderlinginvaders:watchling_eye":1,"minecraft:stone_axe":7,"minecraft:diamond":5,"minecraft:lever":1,"minecraft:granite":4,"minecraft:iron_helmet":5,"minecraft:crossbow":1,"minecraft:bone_meal":1,"savageandravage:griefer_boots":1,"minecraft:emerald":1,"minecraft:bread":261,"tombstone:magic_scroll":4,"minecraft:oak_sapling":6,"minecraft:coal":478},"minecraft:killed":{"minecraft:cave_spider":3,"minecraft:witch":4,"minecraft:spider":16,"minecraft:skeleton":31,"mowziesmobs:ferrous_wroughtnaut":1,"minecraft:llama":4,"minecraft:silverfish":18,"alexsmobs:centipede_head":1,"minecraft:drowned":5,"mowziesmobs:foliaath":1,"artifacts:mimic":1,"enderlinginvaders:watchling":3,"minecraft:husk":7,"minecraft:pig":1,"alexsmobs:grizzly_bear":2,"minecraft:salmon":64,"enderlinginvaders:blastling":2,"minecraft:creeper":6,"minecraft:sheep":3,"minecraft:pillager":15,"minecraft:zombie":71,"minecraft:stray":2,"minecraft:wither_skeleton":6,"minecraft:cow":10},"minecraft:broken":{"minecraft:iron_boots":1,"savageandravage:griefer_leggings":1,"minecraft:stone_pickaxe":1,"savageandravage:griefer_boots":1,"minecraft:iron_pickaxe":2},"minecraft:crafted":{"minecraft:oak_planks":72,"minecraft:oak_sign":3,"quark:jungle_chest":2,"minecraft:furnace":5,"minecraft:cooked_mutton":4,"gobber2:gobber2_glob":1,"tombstone:dust_of_vanishing":4,"minecraft:bow":5,"minecraft:iron_boots":6,"minecraft:iron_axe":1,"minecraft:chest":5,"minecraft:cooked_beef":3,"gobber2:gobber2_sword":1,"minecraft:arrow":12,"gobber2:gobber2_ingot":6,"minecraft:cooked_porkchop":2,"minecraft:crafting_table":4,"minecraft:iron_helmet":3,"minecraft:iron_sword":1,"gobber2:gobber2_rod":2,"minecraft:cooked_salmon":64,"minecraft:bucket":1,"minecraft:bread":164,"minecraft:air":0,"minecraft:jungle_planks":20,"minecraft:iron_chestplate":7,"minecraft:diamond_pickaxe":1,"quark:oak_chest":4,"minecraft:stick":52,"minecraft:iron_ingot":378,"minecraft:iron_pickaxe":5,"minecraft:iron_block":24,"minecraft:iron_leggings":7,"minecraft:anvil":1,"minecraft:white_bed":1,"minecraft:torch":104,"minecraft:clay":6},"minecraft:used":{"quark:cobbled_deepslate":47,"minecraft:stone_shovel":17,"minecraft:poppy":1,"minecraft:oak_sign":1,"gobber2:gobber2_gooey_bread":1,"quark:jungle_chest":1,"minecraft:chest":5,"minecraft:shield":2,"minecraft:iron_sword":85,"minecraft:cooked_salmon":64,"minecraft:rotten_flesh":10,"byg:brown_oak_sapling":9,"minecraft:torch":91,"minecraft:anvil":1,"minecraft:dirt":90,"minecraft:granite":4,"minecraft:iron_axe":4,"quark:smooth_basalt":9,"minecraft:bow":150,"gobber2:gobber2_sword":384,"minecraft:oak_sapling":3,"minecraft:furnace":22,"tombstone:gift":1,"minecraft:cooked_beef":37,"minecraft:enchanted_golden_apple":7,"minecraft:pumpkin":4,"minecraft:cooked_mutton":4,"minecraft:wheat_seeds":6,"minecraft:water_bucket":24,"minecraft:diorite":2,"minecraft:stone_pickaxe":131,"minecraft:oak_planks":1,"minecraft:clay":6,"byg:rocky_stone":15,"minecraft:mossy_cobblestone":1,"minecraft:crafting_table":18,"minecraft:red_bed":1,"tombstone:dust_of_vanishing":2,"minecraft:crossbow":1,"mowziesmobs:wrought_axe":656,"minecraft:oak_log":4,"minecraft:lever":1,"byg:blueberries":3,"minecraft:diamond_pickaxe":222,"minecraft:bread":41,"minecraft:iron_pickaxe":633,"byg:soapstone":21,"minecraft:spruce_sapling":5,"quark:root_item":2,"minecraft:stone_axe":98,"minecraft:potion":1,"minecraft:cobblestone":115,"minecraft:cooked_porkchop":2,"byg:scoria_cobblestone":1,"minecraft:andesite":1,"minecraft:bucket":25,"minecraft:bone_meal":1}},"DataVersion":2586}