{"stats":{"minecraft:crafted":{"minecraft:oak_planks":20,"minecraft:crafting_table":2,"quark:jungle_chest":1,"minecraft:iron_helmet":3,"minecraft:iron_sword":1,"minecraft:furnace":4,"minecraft:bucket":1,"minecraft:air":0,"minecraft:jungle_planks":20,"minecraft:iron_chestplate":2,"minecraft:iron_boots":2,"minecraft:iron_axe":1,"minecraft:stick":44,"minecraft:iron_ingot":251,"minecraft:iron_pickaxe":4,"minecraft:iron_leggings":2,"minecraft:torch":56},"minecraft:mined":{"minecraft:mossy_cobblestone":1,"minecraft:jungle_leaves":1,"minecraft:crafting_table":10,"minecraft:torch":7,"minecraft:grass_block":14,"minecraft:jungle_log":5,"minecraft:cobblestone":16,"minecraft:sugar_cane":3,"minecraft:diorite":2,"quark:andesite_speleothem":1,"minecraft:wall_torch":5,"byg:soapstone":18,"minecraft:furnace":6,"minecraft:iron_ore":251,"minecraft:grass":3,"minecraft:oak_log":33,"minecraft:coal_ore":119,"minecraft:vine":3,"minecraft:dirt":24,"minecraft:bamboo":2,"minecraft:stone":134,"minecraft:oak_leaves":40,"minecraft:tripwire":2},"minecraft:broken":{"minecraft:stone_pickaxe":1,"minecraft:iron_pickaxe":1},"minecraft:killed_by":{"mowziesmobs:ferrous_wroughtnaut":6,"minecraft:skeleton":1,"minecraft:creeper":1,"mowziesmobs:foliaath":1},"minecraft:custom":{"minecraft:interact_with_furnace":46,"minecraft:mob_kills":19,"minecraft:interact_with_crafting_table":14,"minecraft:play_one_minute":212439,"minecraft:leave_game":1,"minecraft:time_since_death":3093,"minecraft:climb_one_cm":3799,"minecraft:time_since_rest":3117,"minecraft:waystone_activated":1,"minecraft:sprint_one_cm":382673,"minecraft:damage_taken":5671,"minecraft:walk_one_cm":184247,"minecraft:damage_blocked_by_shield":80,"minecraft:drop":42,"minecraft:damage_dealt":4070,"minecraft:swim_one_cm":18500,"minecraft:fly_one_cm":503949,"minecraft:open_chest":6,"minecraft:crouch_one_cm":44040,"minecraft:deaths":9,"minecraft:sneak_time":15825,"minecraft:walk_under_water_one_cm":6505,"minecraft:jump":2557,"minecraft:walk_on_water_one_cm":38937,"minecraft:fall_one_cm":66743,"minecraft:inspect_dispenser":2},"minecraft:used":{"minecraft:water_bucket":10,"minecraft:diorite":2,"minecraft:stone_shovel":17,"minecraft:stone_pickaxe":131,"minecraft:poppy":1,"quark:jungle_chest":1,"minecraft:shield":2,"minecraft:iron_sword":85,"byg:rocky_stone":1,"minecraft:rotten_flesh":1,"minecraft:torch":41,"minecraft:mossy_cobblestone":1,"minecraft:dirt":52,"minecraft:crafting_table":10,"minecraft:oak_log":4,"minecraft:bread":2,"minecraft:iron_pickaxe":420,"byg:soapstone":17,"minecraft:stone_axe":77,"minecraft:cobblestone":34,"minecraft:oak_sapling":3,"minecraft:furnace":6,"minecraft:bucket":11,"minecraft:cooked_beef":26},"minecraft:killed":{"minecraft:spider":1,"minecraft:skeleton":4,"minecraft:zombie":14},"minecraft:dropped":{"minecraft:bread":42,"minecraft:iron_ingot":16,"minecraft:iron_sword":1,"byg:white_anemone":1,"minecraft:stone_shovel":1,"minecraft:iron_helmet":1,"minecraft:rotten_flesh":12,"minecraft:iron_boots":2,"minecraft:shield":2,"minecraft:iron_chestplate":1,"minecraft:oak_sapling":3,"minecraft:iron_leggings":2,"minecraft:iron_axe":2,"minecraft:iron_pickaxe":1},"minecraft:picked_up":{"minecraft:purple_dye":12,"minecraft:iron_chestplate":6,"minecraft:crafting_table":13,"byg:soapstone":18,"minecraft:cooked_beef":119,"minecraft:andesite":2,"minecraft:water_bucket":6,"minecraft:jungle_log":5,"minecraft:oak_log":64,"byg:white_anemone":1,"minecraft:shield":8,"minecraft:string":13,"minecraft:dirt":140,"minecraft:iron_axe":3,"alexsmobs:ancient_dart":2,"minecraft:iron_leggings":8,"quark:blank_rune":2,"minecraft:bone":37,"minecraft:bow":1,"minecraft:iron_ingot":267,"minecraft:stone_pickaxe":2,"minecraft:iron_ore":292,"minecraft:poppy":1,"minecraft:iron_pickaxe":4,"minecraft:bamboo":32,"minecraft:sugar_cane":45,"minecraft:oak_planks":22,"minecraft:iron_sword":6,"minecraft:iron_boots":8,"minecraft:furnace":19,"minecraft:stick":29,"minecraft:torch":153,"minecraft:diorite":18,"alexsmobs:animal_dictionary":1,"minecraft:mossy_cobblestone":1,"minecraft:rotten_flesh":13,"minecraft:arrow":78,"minecraft:stone_shovel":3,"minecraft:stone_axe":7,"minecraft:iron_helmet":5,"minecraft:bread":261,"minecraft:gold_ingot":40,"minecraft:oak_sapling":6,"curios:crown":2,"minecraft:coal":454,"byg:rocky_stone":27,"minecraft:cobblestone":664}},"DataVersion":2586}