{"stats":{"minecraft:used":{"minecraft:stone_shovel":17,"minecraft:poppy":1,"quark:jungle_chest":1,"minecraft:chest":1,"minecraft:shield":2,"minecraft:iron_sword":85,"minecraft:rotten_flesh":8,"byg:brown_oak_sapling":9,"minecraft:torch":43,"minecraft:dirt":74,"minecraft:iron_axe":4,"minecraft:bow":11,"minecraft:oak_sapling":3,"minecraft:furnace":11,"tombstone:gift":1,"minecraft:cooked_beef":32,"minecraft:water_bucket":17,"minecraft:diorite":2,"minecraft:stone_pickaxe":131,"byg:rocky_stone":15,"minecraft:mossy_cobblestone":1,"minecraft:crafting_table":11,"mowziesmobs:wrought_axe":160,"minecraft:oak_log":4,"minecraft:bread":16,"minecraft:iron_pickaxe":518,"minecraft:spruce_sapling":3,"byg:soapstone":17,"minecraft:stone_axe":98,"minecraft:cobblestone":36,"byg:scoria_cobblestone":1,"minecraft:bucket":18,"minecraft:andesite":1},"minecraft:mined":{"minecraft:mossy_cobblestone":1,"minecraft:jungle_leaves":1,"minecraft:grass_block":14,"minecraft:jungle_log":5,"quark:andesite_speleothem":1,"byg:red_oak_leaves":2,"minecraft:furnace":11,"minecraft:iron_ore":314,"minecraft:vine":3,"byg:rocky_stone":2,"minecraft:bamboo":2,"minecraft:stone":155,"minecraft:tripwire":2,"minecraft:crafting_table":11,"minecraft:torch":7,"minecraft:cobblestone":16,"minecraft:sugar_cane":8,"minecraft:diorite":3,"minecraft:wall_torch":5,"byg:soapstone":18,"byg:scoria_stone":1,"byg:short_grass":1,"minecraft:grass":6,"minecraft:oak_log":72,"minecraft:coal_ore":124,"minecraft:dirt":33,"minecraft:oak_leaves":55,"byg:brown_oak_leaves":21},"minecraft:killed_by":{"minecraft:creeper":1,"mowziesmobs:ferrous_wroughtnaut":6,"minecraft:skeleton":1,"mowziesmobs:foliaath":1},"minecraft:killed":{"minecraft:spider":3,"minecraft:skeleton":10,"mowziesmobs:ferrous_wroughtnaut":1,"minecraft:pig":1,"alexsmobs:grizzly_bear":1,"minecraft:salmon":21,"minecraft:creeper":3,"minecraft:zombie":22},"minecraft:custom":{"minecraft:mob_kills":62,"minecraft:interact_with_crafting_table":16,"minecraft:leave_game":1,"minecraft:time_since_death":51579,"minecraft:climb_one_cm":3987,"minecraft:sprint_one_cm":527566,"minecraft:walk_one_cm":277736,"minecraft:damage_blocked_by_shield":80,"minecraft:drop":46,"minecraft:deaths":9,"minecraft:sneak_time":19767,"minecraft:walk_under_water_one_cm":20110,"minecraft:jump":3583,"minecraft:walk_on_water_one_cm":50406,"minecraft:interact_with_furnace":66,"minecraft:play_one_minute":260925,"minecraft:sleep_in_bed":1,"minecraft:time_since_rest":17467,"minecraft:waystone_activated":1,"minecraft:damage_taken":6823,"minecraft:damage_dealt":8783,"minecraft:swim_one_cm":59493,"minecraft:fly_one_cm":703282,"minecraft:player_kills":2,"minecraft:open_chest":14,"minecraft:crouch_one_cm":54778,"tombstone:undead_killed":14,"minecraft:fall_one_cm":101178,"minecraft:inspect_dispenser":2},"minecraft:dropped":{"minecraft:enchanted_book":1,"minecraft:iron_ingot":16,"minecraft:bread":42,"minecraft:iron_sword":1,"minecraft:wheat_seeds":2,"byg:white_anemone":1,"minecraft:iron_helmet":1,"minecraft:iron_leggings":2,"minecraft:iron_axe":2,"minecraft:iron_pickaxe":1,"minecraft:stone_shovel":1,"minecraft:rotten_flesh":13,"minecraft:iron_boots":2,"minecraft:shield":2,"minecraft:iron_chestplate":1,"minecraft:oak_sapling":3},"minecraft:broken":{"minecraft:stone_pickaxe":1,"minecraft:iron_pickaxe":1},"minecraft:crafted":{"minecraft:oak_planks":20,"quark:jungle_chest":2,"minecraft:furnace":4,"minecraft:iron_boots":2,"minecraft:iron_axe":1,"minecraft:chest":1,"minecraft:crafting_table":2,"minecraft:iron_helmet":3,"minecraft:iron_sword":1,"minecraft:bucket":1,"minecraft:jungle_planks":20,"minecraft:air":0,"minecraft:iron_chestplate":2,"minecraft:stick":52,"minecraft:iron_pickaxe":4,"minecraft:iron_ingot":288,"minecraft:iron_block":17,"minecraft:iron_leggings":2,"minecraft:torch":72},"minecraft:picked_up":{"minecraft:iron_chestplate":6,"minecraft:crafting_table":14,"byg:soapstone":18,"minecraft:shield":8,"byg:brown_oak_sapling":9,"minecraft:string":15,"minecraft:iron_axe":3,"alexsmobs:ancient_dart":2,"minecraft:iron_leggings":8,"minecraft:poppy":1,"minecraft:iron_pickaxe":4,"minecraft:sugar_cane":58,"minecraft:iron_boots":8,"minecraft:furnace":24,"minecraft:stick":40,"minecraft:torch":153,"minecraft:porkchop":3,"tombstone:grave_dust":6,"minecraft:diorite":19,"minecraft:rotten_flesh":23,"minecraft:arrow":85,"minecraft:stone_shovel":3,"minecraft:gold_ingot":40,"curios:crown":2,"byg:rocky_stone":29,"minecraft:cobblestone":685,"minecraft:purple_dye":12,"minecraft:cooked_beef":119,"minecraft:salmon":21,"minecraft:jungle_log":5,"minecraft:water_bucket":6,"minecraft:andesite":2,"minecraft:oak_log":103,"byg:white_anemone":1,"mowziesmobs:wrought_axe":1,"minecraft:dirt":154,"quark:blank_rune":2,"minecraft:bone":45,"byg:scoria_cobblestone":1,"minecraft:bow":1,"minecraft:wheat_seeds":2,"minecraft:iron_ingot":267,"minecraft:stone_pickaxe":2,"quark:tallow":3,"minecraft:iron_ore":355,"minecraft:bamboo":32,"minecraft:oak_planks":22,"minecraft:iron_sword":6,"mowziesmobs:wrought_helmet":1,"minecraft:spruce_sapling":3,"alexsmobs:animal_dictionary":1,"minecraft:mossy_cobblestone":1,"minecraft:stone_axe":7,"minecraft:iron_helmet":5,"minecraft:bone_meal":1,"minecraft:bread":261,"tombstone:magic_scroll":1,"minecraft:oak_sapling":6,"minecraft:coal":459}},"DataVersion":2586}