{"stats":{"minecraft:used":{"quark:cobbled_deepslate":9,"minecraft:stone_shovel":17,"minecraft:poppy":1,"quark:jungle_chest":1,"minecraft:chest":1,"minecraft:shield":2,"minecraft:iron_sword":85,"minecraft:rotten_flesh":10,"byg:brown_oak_sapling":9,"minecraft:torch":71,"minecraft:dirt":85,"minecraft:iron_axe":4,"minecraft:bow":31,"minecraft:oak_sapling":3,"minecraft:furnace":17,"tombstone:gift":1,"minecraft:cooked_beef":35,"minecraft:cooked_mutton":4,"minecraft:water_bucket":21,"minecraft:diorite":2,"minecraft:stone_pickaxe":131,"minecraft:oak_planks":1,"byg:rocky_stone":15,"minecraft:clay":6,"minecraft:mossy_cobblestone":1,"minecraft:crafting_table":14,"mowziesmobs:wrought_axe":391,"minecraft:oak_log":4,"minecraft:diamond_pickaxe":8,"minecraft:bread":31,"minecraft:iron_pickaxe":633,"quark:root_item":2,"minecraft:spruce_sapling":5,"byg:soapstone":21,"minecraft:stone_axe":98,"minecraft:cobblestone":43,"minecraft:cooked_porkchop":2,"byg:scoria_cobblestone":1,"minecraft:bucket":22,"minecraft:andesite":1,"minecraft:bone_meal":1},"minecraft:mined":{"minecraft:diamond_ore":4,"minecraft:mossy_cobblestone":1,"minecraft:jungle_leaves":1,"quark:cobbled_deepslate":6,"minecraft:grass_block":15,"minecraft:jungle_log":5,"minecraft:spruce_leaves":2,"quark:andesite_speleothem":1,"minecraft:tall_seagrass":1,"gobber2:gobber2_ore":4,"byg:red_oak_leaves":2,"minecraft:spruce_sapling":1,"minecraft:furnace":17,"minecraft:iron_ore":341,"minecraft:vine":5,"byg:rocky_stone":2,"minecraft:bamboo":2,"minecraft:stone":186,"minecraft:tripwire":2,"minecraft:crafting_table":14,"minecraft:torch":10,"minecraft:cobblestone":19,"minecraft:sugar_cane":12,"minecraft:diorite":3,"minecraft:wall_torch":6,"byg:soapstone":21,"byg:scoria_stone":1,"byg:short_grass":1,"quark:deepslate":24,"minecraft:grass":9,"minecraft:oak_log":72,"minecraft:coal_ore":137,"minecraft:dirt":42,"minecraft:oak_leaves":55,"byg:brown_oak_leaves":21},"minecraft:killed_by":{"minecraft:creeper":1,"mowziesmobs:ferrous_wroughtnaut":6,"minecraft:skeleton":1,"mowziesmobs:foliaath":1},"minecraft:killed":{"minecraft:cave_spider":3,"minecraft:spider":7,"minecraft:skeleton":20,"mowziesmobs:ferrous_wroughtnaut":1,"mowziesmobs:foliaath":1,"minecraft:pig":1,"alexsmobs:grizzly_bear":2,"minecraft:salmon":64,"minecraft:creeper":4,"minecraft:sheep":3,"minecraft:zombie":39,"minecraft:cow":1},"minecraft:custom":{"minecraft:mob_kills":150,"minecraft:interact_with_crafting_table":19,"minecraft:leave_game":1,"minecraft:time_since_death":105579,"minecraft:climb_one_cm":4406,"minecraft:sprint_one_cm":649467,"minecraft:walk_one_cm":350471,"minecraft:damage_blocked_by_shield":80,"minecraft:drop":69,"minecraft:deaths":9,"minecraft:sneak_time":23322,"minecraft:walk_under_water_one_cm":39577,"minecraft:jump":4705,"minecraft:walk_on_water_one_cm":65537,"minecraft:interact_with_furnace":101,"minecraft:play_one_minute":314925,"minecraft:sleep_in_bed":1,"minecraft:time_since_rest":71467,"minecraft:waystone_activated":1,"minecraft:damage_taken":8167,"minecraft:damage_dealt":16930,"minecraft:swim_one_cm":127642,"minecraft:fly_one_cm":932549,"minecraft:player_kills":2,"minecraft:open_chest":14,"minecraft:crouch_one_cm":63172,"tombstone:undead_killed":41,"minecraft:fall_one_cm":137440,"minecraft:inspect_dispenser":2},"minecraft:dropped":{"minecraft:enchanted_book":2,"minecraft:iron_ingot":16,"minecraft:bread":42,"minecraft:iron_sword":1,"minecraft:wheat_seeds":3,"byg:white_anemone":1,"minecraft:iron_helmet":2,"minecraft:coal":4,"minecraft:iron_block":2,"tombstone:magic_scroll":2,"minecraft:iron_leggings":3,"minecraft:iron_axe":2,"minecraft:iron_pickaxe":1,"quark:tallow":3,"minecraft:stone_shovel":1,"minecraft:rotten_flesh":22,"minecraft:clay_ball":2,"minecraft:iron_boots":3,"minecraft:shield":3,"minecraft:iron_chestplate":2,"minecraft:music_disc_mall":1,"minecraft:oak_sapling":3,"minecraft:bow":1},"minecraft:broken":{"minecraft:stone_pickaxe":1,"minecraft:iron_pickaxe":2},"minecraft:crafted":{"minecraft:oak_planks":24,"quark:jungle_chest":2,"minecraft:furnace":4,"minecraft:cooked_mutton":4,"minecraft:bow":2,"minecraft:iron_boots":3,"minecraft:iron_axe":1,"minecraft:chest":1,"minecraft:cooked_beef":3,"minecraft:cooked_porkchop":2,"minecraft:crafting_table":2,"minecraft:iron_helmet":3,"minecraft:iron_sword":1,"minecraft:cooked_salmon":64,"minecraft:bucket":1,"minecraft:jungle_planks":20,"minecraft:air":0,"minecraft:iron_chestplate":3,"minecraft:diamond_pickaxe":1,"minecraft:stick":52,"minecraft:iron_pickaxe":5,"minecraft:iron_ingot":306,"minecraft:iron_block":17,"minecraft:iron_leggings":3,"minecraft:white_bed":1,"minecraft:torch":76,"minecraft:clay":6},"minecraft:picked_up":{"minecraft:iron_chestplate":6,"minecraft:crafting_table":17,"byg:soapstone":22,"minecraft:clay_ball":26,"minecraft:enchanted_book":2,"minecraft:shield":8,"byg:brown_oak_sapling":9,"minecraft:string":18,"minecraft:iron_axe":3,"alexsmobs:ancient_dart":2,"minecraft:iron_leggings":8,"minecraft:beef":4,"quark:root_item":2,"minecraft:poppy":1,"minecraft:iron_pickaxe":4,"minecraft:sugar_cane":71,"minecraft:iron_boots":8,"minecraft:furnace":30,"minecraft:stick":40,"minecraft:torch":157,"minecraft:porkchop":3,"tombstone:grave_dust":11,"minecraft:diorite":19,"minecraft:rotten_flesh":32,"minecraft:arrow":98,"minecraft:stone_shovel":3,"minecraft:gold_ingot":40,"curios:crown":2,"minecraft:mutton":4,"minecraft:skeleton_skull":1,"byg:rocky_stone":29,"minecraft:white_wool":3,"minecraft:cobblestone":724,"minecraft:purple_dye":12,"minecraft:cooked_beef":119,"minecraft:salmon":64,"minecraft:jungle_log":5,"minecraft:water_bucket":6,"minecraft:andesite":2,"minecraft:leather":2,"minecraft:oak_log":103,"byg:white_anemone":1,"gobber2:gobber2_ore":4,"mowziesmobs:wrought_axe":1,"minecraft:dirt":164,"minecraft:name_tag":1,"quark:blank_rune":2,"minecraft:bone":55,"byg:scoria_cobblestone":1,"minecraft:bow":4,"minecraft:wheat_seeds":3,"minecraft:cobweb":7,"minecraft:iron_ingot":267,"minecraft:stone_pickaxe":2,"quark:tallow":3,"minecraft:iron_ore":394,"minecraft:bamboo":32,"minecraft:oak_planks":22,"minecraft:iron_sword":6,"mowziesmobs:wrought_helmet":1,"minecraft:spruce_sapling":5,"minecraft:gold_ore":5,"alexsmobs:animal_dictionary":1,"minecraft:mossy_cobblestone":1,"quark:cobbled_deepslate":37,"minecraft:music_disc_mall":1,"minecraft:diamond":5,"minecraft:stone_axe":7,"minecraft:iron_helmet":5,"minecraft:bone_meal":1,"minecraft:bread":261,"tombstone:magic_scroll":2,"minecraft:oak_sapling":6,"minecraft:coal":474}},"DataVersion":2586}