{"stats":{"minecraft:used":{"minecraft:stone_sword":23,"minecraft:armor_stand":1,"minecraft:shield":38,"minecraft:torch":14,"minecraft:dirt":4,"minecraft:mutton":2,"byg:aspen_planks":32,"christmasfestivity:little_christmas_tree":2,"quark:spruce_chest":3,"minecraft:iron_axe":147,"minecraft:beef":2,"byg:dacite_cobblestone":6,"tombstone:gift":3,"minecraft:egg":1,"minecraft:cooked_beef":2,"christmasfestivity:garland":1,"minecraft:enchanted_golden_apple":1,"minecraft:stone_pickaxe":133,"minecraft:wooden_pickaxe":10,"minecraft:spruce_sign":2,"minecraft:salmon":13,"minecraft:golden_apple":11,"minecraft:crafting_table":10,"byg:blueberries":8,"minecraft:diamond_pickaxe":96,"minecraft:chicken":1,"minecraft:melon_slice":44,"minecraft:iron_pickaxe":125,"quark:root_item":2,"minecraft:stone_axe":9,"christmasfestivity:disc_marrychristmas":5,"minecraft:cobblestone":20,"alexsmobs:animal_dictionary":1,"minecraft:coarse_dirt":5},"minecraft:killed":{"alexsmobs:gorilla":3,"minecraft:skeleton":1,"minecraft:chicken":1,"minecraft:drowned":2,"minecraft:salmon":13,"minecraft:sheep":2,"minecraft:zombie":1,"minecraft:wither_skeleton":5,"minecraft:cow":3},"minecraft:mined":{"minecraft:diamond_ore":9,"byg:cattail":1,"minecraft:grass_block":13,"byg:aspen_log":8,"gobber2:gobber2_lucky_block":1,"minecraft:spruce_leaves":16,"minecraft:spawner":2,"minecraft:large_fern":1,"minecraft:tall_seagrass":4,"minecraft:redstone_ore":1,"gobber2:gobber2_ore":2,"minecraft:iron_ore":31,"minecraft:vine":6,"byg:rocky_stone":3,"minecraft:stone":88,"byg:dacite":13,"byg:orange_oak_leaves":7,"minecraft:clay":1,"minecraft:crafting_table":6,"minecraft:torch":5,"minecraft:melon":19,"christmasfestivity:little_christmas_tree":2,"minecraft:spruce_wall_sign":1,"minecraft:cobblestone":2,"byg:overgrown_dacite":1,"minecraft:lapis_ore":4,"minecraft:sugar_cane":2,"minecraft:diorite":75,"minecraft:wall_torch":7,"byg:soapstone":12,"minecraft:coarse_dirt":1,"byg:scoria_stone":15,"byg:dacite_cobblestone":1,"minecraft:spruce_log":34,"byg:short_grass":3,"quark:deepslate":45,"minecraft:grass":33,"minecraft:coal_ore":50,"byg:aspen_leaves":3,"quark:spruce_chest":1,"minecraft:gravel":22,"minecraft:dirt":7,"byg:blueberry_bush":3,"christmasfestivity:garland":1,"minecraft:oak_leaves":4,"infernalexp:buried_bone":1,"minecraft:fern":6,"quark:root":2},"minecraft:dropped":{"minecraft:iron_ingot":2,"minecraft:wheat_seeds":6,"byg:pine_sapling":4,"minecraft:diamond":1,"minecraft:crafting_table":1,"byg:red_oak_sapling":1,"minecraft:feather":1,"minecraft:leather":2,"minecraft:rail":3,"byg:cattail":1,"minecraft:dirt":15,"byg:orange_oak_sapling":1,"minecraft:diorite":64,"byg:soapstone":12,"minecraft:wooden_axe":1,"minecraft:melon_slice":9,"quark:cobbled_deepslate":2,"tombstone:grave_dust":2,"minecraft:iron_leggings":2,"minecraft:wooden_sword":1,"minecraft:bone_meal":1,"minecraft:iron_pickaxe":2,"byg:scoria_cobblestone":13,"minecraft:gravel":22,"minecraft:stone_axe":1,"alexsmobs:maggot":2,"quark:root_item":1,"minecraft:sugar_cane":3,"alexsmobs:animal_dictionary":1,"minecraft:iron_boots":1,"minecraft:gunpowder":2,"minecraft:spruce_planks":32,"minecraft:iron_chestplate":2,"minecraft:oak_sapling":1,"minecraft:iron_ore":11,"minecraft:wooden_pickaxe":1},"minecraft:killed_by":{"minecraft:player":1,"minecraft:wither_skeleton":1,"minecraft:iron_golem":1,"mowziesmobs:ferrous_wroughtnaut":7,"minecraft:skeleton":1},"minecraft:crafted":{"minecraft:wooden_sword":1,"minecraft:oak_planks":8,"minecraft:furnace":1,"minecraft:cooked_mutton":2,"minecraft:iron_axe":1,"minecraft:stone_pickaxe":1,"quark:spruce_chest":2,"minecraft:cooked_beef":2,"minecraft:spruce_sign":3,"minecraft:crafting_table":8,"minecraft:spruce_planks":92,"minecraft:wooden_pickaxe":1,"minecraft:stone_axe":1,"minecraft:air":0,"minecraft:diamond_pickaxe":1,"minecraft:shield":3,"minecraft:stick":36,"minecraft:iron_ingot":9,"minecraft:iron_pickaxe":1,"minecraft:wooden_axe":1,"minecraft:stone_sword":1,"minecraft:torch":4,"byg:aspen_planks":32},"minecraft:picked_up":{"minecraft:iron_chestplate":2,"minecraft:crafting_table":5,"minecraft:coarse_dirt":5,"byg:soapstone":12,"iceandfire:witherbone":3,"minecraft:chicken":1,"christmasfestivity:little_christmas_tree":2,"minecraft:potion":1,"minecraft:iron_leggings":1,"minecraft:armor_stand":1,"quark:spruce_chest":1,"minecraft:spruce_planks":32,"minecraft:beef":3,"minecraft:poppy":5,"quark:root_item":3,"minecraft:iron_pickaxe":1,"minecraft:melon_slice":91,"minecraft:sugar_cane":3,"byg:orange_oak_sapling":1,"minecraft:iron_boots":2,"minecraft:egg":1,"minecraft:stick":15,"minecraft:torch":12,"christmasfestivity:garland":1,"tombstone:grave_dust":1,"minecraft:diorite":64,"byg:cattail":1,"minecraft:golden_chestplate":1,"byg:pine_sapling":4,"minecraft:rotten_flesh":4,"minecraft:arrow":2,"minecraft:iron_block":1,"minecraft:mutton":3,"minecraft:white_wool":1,"minecraft:rail":3,"minecraft:cobblestone":99,"minecraft:feather":1,"minecraft:salmon":12,"minecraft:brown_wool":1,"minecraft:leather":4,"minecraft:oak_log":2,"minecraft:gunpowder":2,"gobber2:gobber2_ore":2,"byg:dacite_cobblestone":14,"gobber2:gobber2_foo_nether":1,"minecraft:lapis_lazuli":28,"minecraft:dirt":19,"christmasfestivity:disc_marrychristmas":6,"minecraft:bone":8,"byg:scoria_cobblestone":13,"byg:red_oak_sapling":1,"minecraft:wheat_seeds":6,"byg:blueberries":6,"minecraft:iron_ingot":15,"minecraft:iron_ore":31,"minecraft:gravel":22,"minecraft:spruce_sapling":16,"minecraft:spruce_log":34,"quark:cobbled_deepslate":2,"byg:aspen_log":8,"minecraft:diamond":10,"minecraft:lever":1,"minecraft:iron_helmet":2,"minecraft:bone_meal":1,"minecraft:spruce_sign":1,"alexsmobs:maggot":4,"tombstone:magic_scroll":2,"minecraft:oak_sapling":1,"minecraft:coal":53},"minecraft:custom":{"minecraft:mob_kills":32,"minecraft:interact_with_crafting_table":12,"minecraft:leave_game":22,"minecraft:time_since_death":1810,"minecraft:climb_one_cm":6768,"minecraft:damage_resisted":116,"minecraft:sprint_one_cm":259074,"minecraft:walk_one_cm":247950,"minecraft:damage_blocked_by_shield":2293,"minecraft:drop":51,"minecraft:deaths":12,"minecraft:sneak_time":7202,"minecraft:walk_under_water_one_cm":9910,"tombstone:tomb_raiding":1,"minecraft:jump":1564,"minecraft:walk_on_water_one_cm":23961,"minecraft:interact_with_furnace":12,"minecraft:play_record":5,"minecraft:play_one_minute":123363,"minecraft:sleep_in_bed":6,"minecraft:time_since_rest":1639,"minecraft:waystone_activated":1,"minecraft:damage_absorbed":581,"minecraft:damage_taken":4911,"tombstone:sneak_grave":1,"minecraft:damage_dealt":5824,"minecraft:swim_one_cm":47474,"minecraft:fly_one_cm":274780,"minecraft:open_chest":21,"minecraft:crouch_one_cm":18937,"tombstone:undead_killed":9,"minecraft:fall_one_cm":36481},"minecraft:broken":{"minecraft:stone_pickaxe":1,"minecraft:shield":3}},"DataVersion":2586}