{"stats":{"minecraft:used":{"minecraft:stone_sword":23,"minecraft:stone_pickaxe":17,"minecraft:wooden_pickaxe":10,"minecraft:shield":3,"minecraft:salmon":13,"minecraft:dirt":4,"minecraft:mutton":1,"minecraft:crafting_table":4,"christmasfestivity:little_christmas_tree":2,"minecraft:iron_axe":10,"minecraft:chicken":1,"quark:root_item":2,"minecraft:stone_axe":9,"minecraft:beef":2,"byg:dacite_cobblestone":6,"tombstone:gift":3,"alexsmobs:animal_dictionary":1,"minecraft:egg":1,"minecraft:cooked_beef":2,"minecraft:coarse_dirt":5,"christmasfestivity:garland":1},"minecraft:mined":{"byg:dacite":13,"byg:orange_oak_leaves":7,"byg:cattail":1,"minecraft:crafting_table":3,"minecraft:grass_block":13,"christmasfestivity:little_christmas_tree":2,"minecraft:spruce_leaves":1,"byg:overgrown_dacite":1,"minecraft:sugar_cane":2,"minecraft:large_fern":1,"minecraft:tall_seagrass":4,"minecraft:coarse_dirt":1,"byg:dacite_cobblestone":1,"minecraft:spruce_log":17,"byg:short_grass":3,"minecraft:grass":24,"minecraft:dirt":7,"minecraft:stone":12,"christmasfestivity:garland":1,"minecraft:oak_leaves":2,"infernalexp:buried_bone":1,"minecraft:fern":4},"minecraft:killed_by":{"minecraft:player":1,"minecraft:skeleton":1},"minecraft:killed":{"minecraft:salmon":13,"minecraft:sheep":1,"minecraft:chicken":1,"minecraft:cow":3},"minecraft:custom":{"minecraft:interact_with_furnace":8,"minecraft:mob_kills":18,"minecraft:interact_with_crafting_table":5,"minecraft:play_one_minute":63826,"minecraft:leave_game":17,"minecraft:time_since_death":29956,"minecraft:sleep_in_bed":4,"minecraft:climb_one_cm":5261,"minecraft:time_since_rest":27557,"minecraft:waystone_activated":1,"minecraft:sprint_one_cm":124093,"minecraft:damage_taken":1195,"minecraft:walk_one_cm":89694,"minecraft:damage_blocked_by_shield":150,"tombstone:sneak_grave":1,"minecraft:drop":8,"minecraft:damage_dealt":1240,"minecraft:swim_one_cm":44733,"minecraft:fly_one_cm":146873,"minecraft:crouch_one_cm":8099,"minecraft:deaths":3,"minecraft:sneak_time":2981,"minecraft:walk_under_water_one_cm":9791,"tombstone:tomb_raiding":1,"minecraft:jump":768,"minecraft:walk_on_water_one_cm":22223,"minecraft:fall_one_cm":28271},"minecraft:dropped":{"minecraft:stone_axe":1,"alexsmobs:animal_dictionary":1,"minecraft:crafting_table":1,"byg:orange_oak_sapling":1,"minecraft:spruce_planks":32,"minecraft:wooden_axe":1,"minecraft:wooden_sword":1,"minecraft:wooden_pickaxe":1},"minecraft:crafted":{"minecraft:cooked_beef":2,"minecraft:wooden_sword":1,"minecraft:oak_planks":8,"minecraft:crafting_table":2,"minecraft:spruce_planks":36,"minecraft:wooden_pickaxe":1,"minecraft:stone_axe":1,"minecraft:air":0,"minecraft:shield":1,"minecraft:iron_axe":1,"minecraft:iron_ingot":9,"minecraft:stone_pickaxe":1,"minecraft:wooden_axe":1,"minecraft:stone_sword":1},"minecraft:picked_up":{"minecraft:crafting_table":3,"minecraft:iron_chestplate":1,"minecraft:coarse_dirt":5,"minecraft:feather":1,"minecraft:chicken":1,"minecraft:salmon":12,"minecraft:brown_wool":1,"minecraft:leather":2,"christmasfestivity:little_christmas_tree":2,"minecraft:oak_log":2,"minecraft:gunpowder":2,"byg:dacite_cobblestone":14,"minecraft:dirt":19,"minecraft:iron_leggings":1,"minecraft:bone":3,"byg:red_oak_sapling":1,"minecraft:wheat_seeds":6,"minecraft:spruce_planks":32,"minecraft:beef":3,"quark:root_item":2,"minecraft:sugar_cane":3,"byg:orange_oak_sapling":1,"minecraft:iron_boots":1,"minecraft:egg":1,"minecraft:stick":15,"christmasfestivity:garland":1,"minecraft:spruce_sapling":16,"minecraft:spruce_log":17,"byg:cattail":1,"byg:pine_sapling":4,"minecraft:arrow":1,"minecraft:iron_helmet":1,"minecraft:iron_block":1,"minecraft:bone_meal":1,"minecraft:oak_sapling":1,"minecraft:mutton":1,"minecraft:coal":2,"minecraft:rail":3,"minecraft:cobblestone":12}},"DataVersion":2586}