{"stats":{"minecraft:used":{"minecraft:stone_sword":23,"minecraft:armor_stand":1,"minecraft:shield":38,"minecraft:torch":31,"minecraft:dirt":4,"minecraft:mutton":2,"byg:aspen_planks":32,"christmasfestivity:little_christmas_tree":2,"quark:spruce_chest":3,"minecraft:iron_axe":156,"minecraft:beef":2,"byg:dacite_cobblestone":6,"tombstone:gift":3,"minecraft:egg":1,"minecraft:cooked_beef":2,"christmasfestivity:garland":1,"minecraft:enchanted_golden_apple":6,"minecraft:cooked_mutton":2,"minecraft:stone_pickaxe":133,"minecraft:ender_pearl":4,"minecraft:wooden_pickaxe":10,"minecraft:spruce_sign":2,"minecraft:salmon":13,"minecraft:golden_apple":27,"minecraft:tnt":1,"minecraft:crafting_table":10,"mowziesmobs:wrought_axe":92,"byg:blueberries":8,"minecraft:diamond_pickaxe":188,"minecraft:chicken":1,"minecraft:melon_slice":50,"minecraft:iron_pickaxe":125,"quark:root_item":2,"minecraft:stone_axe":9,"christmasfestivity:disc_marrychristmas":5,"minecraft:potion":1,"minecraft:cobblestone":68,"alexsmobs:animal_dictionary":1,"minecraft:coarse_dirt":5},"minecraft:killed":{"minecraft:witch":1,"alexsmobs:gorilla":3,"minecraft:skeleton":3,"mowziesmobs:ferrous_wroughtnaut":1,"minecraft:chicken":1,"minecraft:drowned":3,"enderlinginvaders:watchling":1,"minecraft:husk":1,"minecraft:salmon":13,"minecraft:sheep":2,"minecraft:zombie":2,"minecraft:stray":1,"minecraft:wither_skeleton":5,"minecraft:cow":3},"minecraft:mined":{"minecraft:diamond_ore":9,"byg:cattail":1,"minecraft:grass_block":13,"byg:aspen_log":8,"gobber2:gobber2_lucky_block":2,"minecraft:spruce_leaves":16,"minecraft:spawner":8,"minecraft:large_fern":1,"minecraft:tall_seagrass":4,"minecraft:redstone_ore":3,"gobber2:gobber2_ore":4,"minecraft:iron_ore":46,"minecraft:vine":6,"byg:rocky_stone":3,"minecraft:stone":120,"byg:dacite":13,"byg:orange_oak_leaves":7,"minecraft:clay":1,"minecraft:crafting_table":6,"minecraft:torch":5,"minecraft:melon":19,"quark:stone_speleothem":1,"christmasfestivity:little_christmas_tree":2,"minecraft:spruce_wall_sign":1,"minecraft:cobblestone":11,"byg:overgrown_dacite":1,"minecraft:lapis_ore":4,"minecraft:sugar_cane":2,"minecraft:diorite":75,"minecraft:wall_torch":11,"byg:soapstone":12,"minecraft:coarse_dirt":1,"byg:scoria_stone":15,"byg:dacite_cobblestone":1,"minecraft:spruce_log":34,"byg:short_grass":3,"minecraft:tnt":1,"quark:deepslate":47,"minecraft:grass":33,"minecraft:coal_ore":70,"quark:spruce_chest":1,"minecraft:gravel":22,"minecraft:dirt":7,"byg:aspen_leaves":3,"byg:blueberry_bush":3,"christmasfestivity:garland":1,"minecraft:oak_leaves":4,"infernalexp:buried_bone":1,"minecraft:fern":6,"quark:root":2},"minecraft:dropped":{"minecraft:iron_ingot":2,"minecraft:wheat_seeds":6,"byg:pine_sapling":4,"minecraft:glass_bottle":2,"minecraft:diamond":1,"minecraft:crafting_table":1,"byg:red_oak_sapling":1,"minecraft:feather":1,"minecraft:leather":2,"minecraft:rail":3,"minecraft:golden_apple":1,"minecraft:stick":2,"byg:cattail":1,"minecraft:dirt":15,"byg:orange_oak_sapling":1,"minecraft:diorite":64,"byg:soapstone":12,"minecraft:wooden_axe":1,"minecraft:melon_slice":9,"quark:cobbled_deepslate":2,"tombstone:grave_dust":4,"minecraft:iron_leggings":2,"minecraft:wooden_sword":1,"minecraft:bone_meal":1,"minecraft:iron_pickaxe":2,"byg:scoria_cobblestone":13,"minecraft:gold_ingot":1,"minecraft:gravel":22,"minecraft:stone_axe":1,"quark:root_item":1,"alexsmobs:maggot":2,"minecraft:sugar_cane":3,"minecraft:lever":2,"alexsmobs:animal_dictionary":1,"tombstone:gift":1,"minecraft:iron_boots":1,"minecraft:poppy":27,"minecraft:gunpowder":4,"byg:rocky_stone":2,"minecraft:spruce_planks":32,"minecraft:iron_chestplate":2,"minecraft:oak_sapling":1,"minecraft:spider_eye":2,"minecraft:iron_ore":11,"minecraft:wooden_pickaxe":1},"minecraft:killed_by":{"minecraft:player":1,"minecraft:wither_skeleton":2,"minecraft:iron_golem":1,"mowziesmobs:ferrous_wroughtnaut":10,"alexsmobs:centipede_head":1,"minecraft:skeleton":1,"minecraft:witch":1,"enderlinginvaders:necrosent":4},"minecraft:crafted":{"minecraft:wooden_sword":1,"minecraft:oak_planks":8,"minecraft:furnace":1,"minecraft:cooked_mutton":2,"minecraft:diamond_helmet":1,"minecraft:iron_axe":1,"tombstone:grave_key":1,"minecraft:stone_pickaxe":1,"minecraft:diamond_boots":1,"quark:spruce_chest":2,"minecraft:cooked_beef":2,"minecraft:spruce_sign":3,"minecraft:crafting_table":8,"minecraft:spruce_planks":92,"minecraft:wooden_pickaxe":1,"minecraft:stone_axe":1,"minecraft:air":0,"minecraft:diamond_pickaxe":1,"minecraft:shield":3,"minecraft:stick":36,"minecraft:iron_ingot":9,"minecraft:iron_pickaxe":1,"minecraft:wooden_axe":1,"minecraft:stone_sword":1,"minecraft:torch":24,"minecraft:diamond_chestplate":1,"byg:aspen_planks":32},"minecraft:picked_up":{"minecraft:iron_chestplate":2,"minecraft:crafting_table":5,"minecraft:coarse_dirt":5,"byg:soapstone":13,"iceandfire:witherbone":3,"minecraft:chicken":1,"christmasfestivity:little_christmas_tree":2,"minecraft:enchanted_book":2,"minecraft:potion":1,"minecraft:iron_leggings":1,"minecraft:armor_stand":1,"quark:spruce_chest":1,"minecraft:spruce_planks":32,"minecraft:beef":3,"quark:root_item":3,"minecraft:poppy":31,"minecraft:iron_pickaxe":1,"minecraft:melon_slice":91,"minecraft:sugar_cane":3,"byg:orange_oak_sapling":1,"minecraft:egg":1,"minecraft:iron_boots":2,"minecraft:tipped_arrow":2,"minecraft:stick":48,"minecraft:torch":17,"christmasfestivity:garland":1,"gobber2:gobber2_foo_end":1,"tombstone:grave_dust":4,"minecraft:diorite":64,"minecraft:redstone":8,"byg:cattail":1,"minecraft:golden_chestplate":1,"minecraft:tnt":1,"byg:pine_sapling":4,"minecraft:arrow":8,"minecraft:rotten_flesh":18,"minecraft:iron_block":1,"minecraft:gold_ingot":3,"minecraft:mutton":3,"byg:rocky_stone":3,"minecraft:rail":3,"minecraft:white_wool":1,"minecraft:cobblestone":234,"minecraft:feather":1,"minecraft:salmon":12,"minecraft:brown_wool":1,"minecraft:leather":4,"minecraft:oak_log":2,"mowziesmobs:wrought_axe":1,"minecraft:gunpowder":4,"gobber2:gobber2_ore":4,"byg:dacite_cobblestone":14,"gobber2:gobber2_foo_nether":1,"minecraft:lapis_lazuli":28,"minecraft:dirt":19,"tombstone:gift":1,"christmasfestivity:disc_marrychristmas":6,"minecraft:bone":17,"byg:scoria_cobblestone":13,"byg:red_oak_sapling":1,"minecraft:wheat_seeds":6,"byg:blueberries":6,"minecraft:iron_ingot":24,"minecraft:iron_ore":49,"minecraft:glass_bottle":1,"minecraft:gravel":23,"mowziesmobs:wrought_helmet":1,"minecraft:spruce_sapling":16,"minecraft:spruce_log":34,"minecraft:spider_eye":3,"quark:cobbled_deepslate":38,"minecraft:sugar":1,"byg:aspen_log":8,"minecraft:diamond":10,"minecraft:lever":2,"minecraft:iron_helmet":2,"minecraft:bone_meal":1,"minecraft:golden_apple":1,"minecraft:spruce_sign":1,"alexsmobs:maggot":4,"tombstone:magic_scroll":2,"minecraft:oak_sapling":1,"minecraft:coal":73},"minecraft:custom":{"minecraft:mob_kills":39,"minecraft:interact_with_crafting_table":13,"minecraft:leave_game":22,"minecraft:time_since_death":2918,"minecraft:climb_one_cm":10023,"minecraft:damage_resisted":676,"minecraft:sprint_one_cm":390921,"minecraft:walk_one_cm":332372,"minecraft:damage_blocked_by_shield":2293,"minecraft:drop":73,"minecraft:sneak_time":8427,"minecraft:deaths":22,"minecraft:walk_under_water_one_cm":9910,"tombstone:tomb_raiding":1,"minecraft:jump":2442,"minecraft:walk_on_water_one_cm":23961,"minecraft:interact_with_furnace":14,"tombstone:raider_killed":1,"minecraft:play_record":5,"minecraft:play_one_minute":152388,"minecraft:sleep_in_bed":6,"minecraft:time_since_rest":2553,"minecraft:waystone_activated":1,"minecraft:damage_taken":10648,"minecraft:damage_absorbed":1822,"tombstone:sneak_grave":1,"minecraft:damage_dealt":8867,"minecraft:player_kills":1,"minecraft:swim_one_cm":47474,"minecraft:fly_one_cm":449657,"minecraft:open_chest":34,"minecraft:crouch_one_cm":24076,"tombstone:undead_killed":16,"minecraft:fall_one_cm":45479},"minecraft:broken":{"minecraft:iron_leggings":1,"minecraft:stone_pickaxe":1,"minecraft:shield":3}},"DataVersion":2586}