{"stats":{"minecraft:used":{"minecraft:stone_sword":22,"minecraft:stone_pickaxe":17,"minecraft:wooden_pickaxe":10,"minecraft:salmon":7,"minecraft:dirt":3,"minecraft:crafting_table":2,"christmasfestivity:little_christmas_tree":2,"minecraft:chicken":1,"quark:root_item":2,"minecraft:stone_axe":1,"byg:dacite_cobblestone":6,"tombstone:gift":3,"alexsmobs:animal_dictionary":1,"minecraft:egg":1,"minecraft:coarse_dirt":1,"christmasfestivity:garland":1},"minecraft:mined":{"byg:dacite":13,"byg:orange_oak_leaves":7,"byg:cattail":1,"minecraft:crafting_table":1,"minecraft:grass_block":8,"christmasfestivity:little_christmas_tree":2,"byg:overgrown_dacite":1,"minecraft:tall_seagrass":4,"minecraft:coarse_dirt":1,"byg:dacite_cobblestone":1,"minecraft:spruce_log":17,"byg:short_grass":2,"minecraft:grass":5,"minecraft:dirt":1,"minecraft:stone":12,"christmasfestivity:garland":1,"minecraft:oak_leaves":2,"minecraft:fern":4},"minecraft:killed_by":{"minecraft:player":1},"minecraft:killed":{"minecraft:salmon":7,"minecraft:chicken":1},"minecraft:custom":{"minecraft:mob_kills":8,"minecraft:interact_with_crafting_table":4,"minecraft:play_one_minute":30517,"minecraft:leave_game":11,"minecraft:time_since_death":4102,"minecraft:sleep_in_bed":4,"minecraft:climb_one_cm":688,"minecraft:time_since_rest":3452,"minecraft:waystone_activated":1,"minecraft:sprint_one_cm":65641,"minecraft:damage_taken":755,"minecraft:walk_one_cm":57908,"tombstone:sneak_grave":1,"minecraft:drop":5,"minecraft:damage_dealt":486,"minecraft:swim_one_cm":21985,"minecraft:fly_one_cm":56646,"minecraft:crouch_one_cm":7537,"minecraft:deaths":2,"minecraft:sneak_time":2608,"minecraft:walk_under_water_one_cm":5272,"tombstone:tomb_raiding":1,"minecraft:jump":326,"minecraft:walk_on_water_one_cm":3575,"minecraft:fall_one_cm":19492},"minecraft:dropped":{"alexsmobs:animal_dictionary":1,"minecraft:spruce_planks":32,"minecraft:wooden_axe":1,"minecraft:wooden_sword":1,"minecraft:wooden_pickaxe":1},"minecraft:crafted":{"minecraft:wooden_sword":1,"minecraft:oak_planks":8,"minecraft:crafting_table":2,"minecraft:spruce_planks":36,"minecraft:wooden_pickaxe":1,"minecraft:stone_axe":1,"minecraft:stone_pickaxe":1,"minecraft:wooden_axe":1,"minecraft:stone_sword":1},"minecraft:picked_up":{"minecraft:coarse_dirt":5,"minecraft:crafting_table":1,"minecraft:feather":1,"minecraft:chicken":1,"minecraft:salmon":6,"christmasfestivity:little_christmas_tree":2,"minecraft:oak_log":2,"minecraft:gunpowder":2,"byg:dacite_cobblestone":14,"minecraft:dirt":11,"minecraft:bone":2,"byg:red_oak_sapling":1,"minecraft:wheat_seeds":2,"minecraft:spruce_planks":32,"quark:root_item":2,"byg:orange_oak_sapling":1,"minecraft:egg":1,"minecraft:stick":15,"christmasfestivity:garland":1,"minecraft:spruce_sapling":16,"minecraft:spruce_log":17,"byg:cattail":1,"byg:pine_sapling":4,"minecraft:arrow":1,"minecraft:bone_meal":1,"minecraft:oak_sapling":1,"minecraft:rail":3,"minecraft:cobblestone":12}},"DataVersion":2586}