{"stats":{"minecraft:used":{"minecraft:stone_sword":23,"minecraft:shield":12,"minecraft:torch":7,"minecraft:dirt":4,"minecraft:mutton":1,"byg:aspen_planks":32,"christmasfestivity:little_christmas_tree":2,"minecraft:iron_axe":91,"minecraft:beef":2,"byg:dacite_cobblestone":6,"tombstone:gift":3,"minecraft:egg":1,"minecraft:cooked_beef":2,"christmasfestivity:garland":1,"minecraft:stone_pickaxe":133,"minecraft:wooden_pickaxe":10,"minecraft:salmon":13,"minecraft:crafting_table":6,"minecraft:diamond_pickaxe":71,"byg:blueberries":8,"minecraft:chicken":1,"minecraft:melon_slice":17,"minecraft:iron_pickaxe":125,"quark:root_item":2,"minecraft:stone_axe":9,"alexsmobs:animal_dictionary":1,"minecraft:coarse_dirt":5},"minecraft:killed":{"alexsmobs:gorilla":3,"minecraft:skeleton":1,"minecraft:chicken":1,"minecraft:salmon":13,"minecraft:sheep":1,"minecraft:cow":3},"minecraft:mined":{"minecraft:diamond_ore":9,"byg:cattail":1,"minecraft:grass_block":13,"byg:aspen_log":8,"gobber2:gobber2_lucky_block":1,"minecraft:spruce_leaves":16,"minecraft:large_fern":1,"minecraft:tall_seagrass":4,"minecraft:redstone_ore":1,"gobber2:gobber2_ore":2,"minecraft:iron_ore":31,"minecraft:vine":6,"byg:rocky_stone":3,"minecraft:stone":68,"byg:dacite":13,"byg:orange_oak_leaves":7,"minecraft:clay":1,"minecraft:crafting_table":5,"minecraft:torch":3,"minecraft:melon":19,"christmasfestivity:little_christmas_tree":2,"byg:overgrown_dacite":1,"minecraft:lapis_ore":4,"minecraft:sugar_cane":2,"minecraft:diorite":75,"minecraft:wall_torch":4,"byg:soapstone":12,"byg:scoria_stone":15,"minecraft:coarse_dirt":1,"byg:dacite_cobblestone":1,"minecraft:spruce_log":34,"byg:short_grass":3,"quark:deepslate":45,"minecraft:grass":33,"minecraft:coal_ore":50,"byg:aspen_leaves":3,"minecraft:gravel":22,"minecraft:dirt":7,"byg:blueberry_bush":3,"christmasfestivity:garland":1,"minecraft:oak_leaves":4,"infernalexp:buried_bone":1,"minecraft:fern":6,"quark:root":2},"minecraft:dropped":{"minecraft:wheat_seeds":6,"minecraft:crafting_table":1,"byg:red_oak_sapling":1,"minecraft:feather":1,"byg:orange_oak_sapling":1,"minecraft:wooden_axe":1,"quark:cobbled_deepslate":2,"tombstone:grave_dust":2,"minecraft:wooden_sword":1,"minecraft:iron_pickaxe":1,"minecraft:stone_axe":1,"alexsmobs:animal_dictionary":1,"minecraft:spruce_planks":32,"minecraft:oak_sapling":1,"minecraft:wooden_pickaxe":1},"minecraft:killed_by":{"minecraft:player":1,"minecraft:skeleton":1},"minecraft:crafted":{"minecraft:wooden_sword":1,"minecraft:oak_planks":8,"minecraft:furnace":1,"minecraft:iron_axe":1,"minecraft:stone_pickaxe":1,"minecraft:cooked_beef":2,"minecraft:crafting_table":3,"minecraft:spruce_planks":36,"minecraft:wooden_pickaxe":1,"minecraft:stone_axe":1,"minecraft:air":0,"minecraft:diamond_pickaxe":1,"minecraft:shield":1,"minecraft:stick":36,"minecraft:iron_ingot":9,"minecraft:iron_pickaxe":1,"minecraft:wooden_axe":1,"minecraft:stone_sword":1,"minecraft:torch":4,"byg:aspen_planks":32},"minecraft:picked_up":{"byg:soapstone":12,"minecraft:coarse_dirt":5,"minecraft:iron_chestplate":1,"minecraft:crafting_table":5,"minecraft:chicken":1,"christmasfestivity:little_christmas_tree":2,"minecraft:iron_leggings":1,"minecraft:spruce_planks":32,"minecraft:beef":3,"minecraft:iron_pickaxe":1,"quark:root_item":3,"minecraft:melon_slice":91,"minecraft:sugar_cane":3,"byg:orange_oak_sapling":1,"minecraft:egg":1,"minecraft:iron_boots":1,"minecraft:stick":15,"minecraft:torch":7,"christmasfestivity:garland":1,"minecraft:diorite":64,"byg:cattail":1,"byg:pine_sapling":4,"minecraft:arrow":2,"minecraft:iron_block":1,"minecraft:mutton":1,"minecraft:rail":3,"minecraft:cobblestone":66,"minecraft:feather":1,"minecraft:salmon":12,"minecraft:leather":2,"minecraft:brown_wool":1,"minecraft:oak_log":2,"minecraft:gunpowder":2,"byg:dacite_cobblestone":14,"gobber2:gobber2_ore":2,"gobber2:gobber2_foo_nether":1,"minecraft:lapis_lazuli":28,"minecraft:dirt":19,"byg:scoria_cobblestone":13,"minecraft:bone":3,"byg:red_oak_sapling":1,"minecraft:wheat_seeds":6,"byg:blueberries":6,"minecraft:iron_ore":31,"minecraft:gravel":22,"minecraft:spruce_sapling":16,"minecraft:spruce_log":34,"quark:cobbled_deepslate":2,"minecraft:diamond":9,"byg:aspen_log":8,"minecraft:iron_helmet":1,"minecraft:bone_meal":1,"minecraft:oak_sapling":1,"minecraft:coal":52},"minecraft:custom":{"minecraft:mob_kills":22,"minecraft:interact_with_crafting_table":7,"minecraft:leave_game":19,"minecraft:time_since_death":53252,"minecraft:climb_one_cm":6513,"minecraft:sprint_one_cm":160359,"minecraft:walk_one_cm":129150,"minecraft:damage_blocked_by_shield":550,"minecraft:drop":16,"minecraft:deaths":3,"minecraft:sneak_time":6149,"minecraft:walk_under_water_one_cm":9791,"tombstone:tomb_raiding":1,"minecraft:jump":1034,"minecraft:walk_on_water_one_cm":23866,"minecraft:interact_with_furnace":8,"minecraft:play_one_minute":87122,"minecraft:sleep_in_bed":4,"minecraft:time_since_rest":50853,"minecraft:waystone_activated":1,"minecraft:damage_taken":1384,"tombstone:sneak_grave":1,"minecraft:damage_dealt":2340,"minecraft:swim_one_cm":44733,"minecraft:fly_one_cm":171959,"minecraft:crouch_one_cm":16153,"tombstone:undead_killed":1,"minecraft:fall_one_cm":32693},"minecraft:broken":{"minecraft:stone_pickaxe":1}},"DataVersion":2586}