{"stats":{"minecraft:used":{"alexsmobs:animal_dictionary":1},"minecraft:mined":{"minecraft:grass_block":6},"minecraft:custom":{"minecraft:jump":13,"minecraft:time_since_rest":5303,"minecraft:waystone_activated":1,"minecraft:crouch_one_cm":157,"minecraft:play_one_minute":5303,"minecraft:leave_game":11,"minecraft:sprint_one_cm":1946,"minecraft:time_since_death":5303,"minecraft:walk_one_cm":3429,"minecraft:sneak_time":412,"minecraft:fall_one_cm":627,"minecraft:fly_one_cm":2320},"minecraft:picked_up":{"minecraft:dirt":1}},"DataVersion":2586}