{"stats":{"minecraft:used":{"minecraft:stone_sword":23,"minecraft:stone_pickaxe":17,"minecraft:wooden_pickaxe":10,"minecraft:salmon":13,"minecraft:dirt":3,"minecraft:crafting_table":3,"christmasfestivity:little_christmas_tree":2,"minecraft:iron_axe":6,"minecraft:chicken":1,"quark:root_item":2,"minecraft:stone_axe":9,"byg:dacite_cobblestone":6,"tombstone:gift":3,"alexsmobs:animal_dictionary":1,"minecraft:egg":1,"minecraft:coarse_dirt":1,"christmasfestivity:garland":1},"minecraft:mined":{"byg:dacite":13,"byg:orange_oak_leaves":7,"byg:cattail":1,"minecraft:crafting_table":2,"minecraft:grass_block":8,"christmasfestivity:little_christmas_tree":2,"byg:overgrown_dacite":1,"minecraft:sugar_cane":2,"minecraft:tall_seagrass":4,"minecraft:coarse_dirt":1,"byg:dacite_cobblestone":1,"minecraft:spruce_log":17,"byg:short_grass":2,"minecraft:grass":10,"minecraft:dirt":1,"minecraft:stone":12,"christmasfestivity:garland":1,"minecraft:oak_leaves":2,"minecraft:fern":4},"minecraft:killed_by":{"minecraft:player":1,"minecraft:skeleton":1},"minecraft:killed":{"minecraft:salmon":13,"minecraft:chicken":1,"minecraft:cow":2},"minecraft:custom":{"minecraft:interact_with_furnace":7,"minecraft:mob_kills":16,"minecraft:interact_with_crafting_table":5,"minecraft:play_one_minute":41999,"minecraft:leave_game":15,"minecraft:time_since_death":8129,"minecraft:sleep_in_bed":4,"minecraft:climb_one_cm":4996,"minecraft:time_since_rest":5730,"minecraft:waystone_activated":1,"minecraft:sprint_one_cm":99404,"minecraft:damage_taken":979,"minecraft:walk_one_cm":71955,"tombstone:sneak_grave":1,"minecraft:drop":6,"minecraft:damage_dealt":994,"minecraft:swim_one_cm":44733,"minecraft:fly_one_cm":103080,"minecraft:crouch_one_cm":7954,"minecraft:deaths":3,"minecraft:sneak_time":2809,"minecraft:walk_under_water_one_cm":9791,"tombstone:tomb_raiding":1,"minecraft:jump":560,"minecraft:walk_on_water_one_cm":20943,"minecraft:fall_one_cm":24588},"minecraft:dropped":{"alexsmobs:animal_dictionary":1,"byg:orange_oak_sapling":1,"minecraft:spruce_planks":32,"minecraft:wooden_axe":1,"minecraft:wooden_sword":1,"minecraft:wooden_pickaxe":1},"minecraft:crafted":{"minecraft:wooden_sword":1,"minecraft:oak_planks":8,"minecraft:crafting_table":2,"minecraft:spruce_planks":36,"minecraft:wooden_pickaxe":1,"minecraft:stone_axe":1,"minecraft:shield":1,"minecraft:iron_axe":1,"minecraft:iron_ingot":9,"minecraft:stone_pickaxe":1,"minecraft:wooden_axe":1,"minecraft:stone_sword":1},"minecraft:picked_up":{"minecraft:iron_chestplate":1,"minecraft:coarse_dirt":5,"minecraft:crafting_table":2,"minecraft:feather":1,"minecraft:chicken":1,"minecraft:salmon":12,"minecraft:leather":1,"christmasfestivity:little_christmas_tree":2,"minecraft:oak_log":2,"minecraft:gunpowder":2,"byg:dacite_cobblestone":14,"minecraft:dirt":11,"minecraft:iron_leggings":1,"minecraft:bone":2,"byg:red_oak_sapling":1,"minecraft:wheat_seeds":4,"minecraft:spruce_planks":32,"minecraft:beef":1,"quark:root_item":2,"minecraft:sugar_cane":3,"byg:orange_oak_sapling":1,"minecraft:iron_boots":1,"minecraft:egg":1,"minecraft:stick":15,"christmasfestivity:garland":1,"minecraft:spruce_sapling":16,"minecraft:spruce_log":17,"byg:cattail":1,"byg:pine_sapling":4,"minecraft:arrow":1,"minecraft:iron_helmet":1,"minecraft:iron_block":1,"minecraft:bone_meal":1,"minecraft:oak_sapling":1,"minecraft:coal":2,"minecraft:rail":3,"minecraft:cobblestone":12}},"DataVersion":2586}